City-Country,City,Country,Search Lats,Search Lngs,Actual Lats,Actual Lngs,Distance (mi),Max Temp (F),Humidity (%),Cloud Cover (%),Wind Speed (mph),Timestamp,Date,Hemisphere
"novyy urengoy, ru",novyy urengoy,ru,66.56279857041312,77.52511494975846,66.09568639999999,76.65635209999999,32.274692410970125,-41.06,80,66,7.05,1608760273,2020-12-23 21:51:13,Northern
"tilhar, in",tilhar,in,27.887680812947764,79.61650524825313,27.961879,79.73709380000001,5.1266565425699975,52.68,44,0,5.21,1608760274,2020-12-23 21:51:14,Northern
"mayo, ca",mayo,ca,64.08015403254123,-132.4716213090984,63.59426199999999,-135.8964919,33.572269978193226,24.8,73,75,8.05,1608760275,2020-12-23 21:51:15,Northern
"awjilah, ly",awjilah,ly,29.63905500352142,21.54258171044924,29.09058499999999,21.3321974,37.89603821420868,54.34,68,0,7.72,1608760276,2020-12-23 21:51:16,Northern
"lake havasu city, us",lake havasu city,us,34.24781088442896,-114.37597934462062,34.483901,-114.3224548,16.312432738771932,60.8,10,1,18.34,1608760277,2020-12-23 21:51:17,Northern
"uinskoye, ru",uinskoye,ru,56.53975684104941,56.570122316846465,56.88028,56.57423,23.52813929943607,12.04,96,89,7.31,1608760278,2020-12-23 21:51:18,Northern
"dicabisagan, ph",dicabisagan,ph,17.48874061685389,124.52466968761019,17.0341572,122.367428,31.409029529483497,75.6,83,12,3.62,1608760279,2020-12-23 21:51:19,Northern
"khamgaon, in",khamgaon,in,20.761191374056622,76.5829478247897,20.7131695,76.5650829,3.318027900675406,59.49,38,1,3.78,1608760281,2020-12-23 21:51:21,Northern
"barrow, us",barrow,us,71.23157750018618,-156.63221951725853,71.29055559999999,-156.788611,4.075038397716478,-2.2,70,90,19.46,1608760237,2020-12-23 21:50:37,Northern
"neryungri, ru",neryungri,ru,57.34251327745835,123.01191813509826,56.6575311,124.711,47.32822325077147,-21.53,85,99,1.66,1608760284,2020-12-23 21:51:24,Northern
"kabalo, cd",kabalo,cd,-5.931941792565098,26.74905452184595,-6.0329665,26.9263671,6.980210675063257,69.85,93,87,2.42,1608760285,2020-12-23 21:51:25,Southern
"hericourt, fr",hericourt,fr,47.60597931717081,6.7244500045686095,47.57524,6.758915999999999,2.1239052832506955,51.8,87,100,11.41,1608760286,2020-12-23 21:51:26,Northern
"porto belo, br",porto belo,br,-27.32649533833677,-47.29211154009687,-27.1573939,-48.5756664,11.683910748343378,77.0,73,40,10.29,1608760287,2020-12-23 21:51:27,Southern
"nhulunbuy, au",nhulunbuy,au,-11.65785209454259,138.55156826748077,-12.1825,136.781944,36.250071921101146,80.6,88,100,3.44,1608760288,2020-12-23 21:51:28,Southern
"husavik, is",husavik,is,66.61696797446118,-17.855873256418135,66.0449706,-17.3383442,39.52164060356104,17.6,78,0,1.12,1608760289,2020-12-23 21:51:29,Northern
"manakara, mg",manakara,mg,-22.426124966300804,47.83786119151242,-22.1432288,48.00598249999999,19.54645442769339,74.62,90,53,6.67,1608760290,2020-12-23 21:51:30,Southern
"severo-yeniseyskiy, ru",severo-yeniseyskiy,ru,59.99361694038561,93.3575504630578,60.3743682,93.0293925,26.307663485358745,-32.89,84,60,2.64,1608760291,2020-12-23 21:51:31,Northern
"aboisso, ci",aboisso,ci,5.26327937993436,-2.9262809200558024,5.474510599999999,-3.2030756,14.594829865346606,76.66,90,58,4.21,1608760294,2020-12-23 21:51:34,Northern
"healdsburg, us",healdsburg,us,38.08363324049705,-124.16133983419988,38.6104658,-122.8691609,36.40101861401613,61.0,46,0,1.99,1608760295,2020-12-23 21:51:35,Northern
"concordia, mx",concordia,mx,23.463254528038107,-105.99354491974155,23.288689,-106.0669571,12.06144707813003,82.4,34,5,8.05,1608760296,2020-12-23 21:51:36,Northern
"nueve de julio, ar",nueve de julio,ar,-35.3913690609299,-61.08307155551388,-35.4439072,-60.88455279999999,3.630075141978175,95.95,15,0,12.75,1608760298,2020-12-23 21:51:38,Southern
"talnakh, ru",talnakh,ru,69.90120951493637,95.56150652636262,69.5,88.39999999999999,27.72120811040601,-43.6,64,0,2.24,1608760299,2020-12-23 21:51:39,Northern
"tahe, cn",tahe,cn,51.743833811399526,124.23917151405709,52.334456,124.709996,40.80850527040493,-7.13,87,48,2.82,1608760301,2020-12-23 21:51:41,Northern
"ondangwa, na",ondangwa,na,-18.708071105652465,16.15732629963739,-17.9051839,15.9758633,55.4747644023454,89.6,22,100,3.36,1608760302,2020-12-23 21:51:42,Southern
"olafsvik, is",olafsvik,is,65.29996928830542,-25.95470519398353,64.89604849999999,-23.7060262,27.908541088588088,39.49,77,100,12.97,1608760303,2020-12-23 21:51:43,Northern
"urengoy, ru",urengoy,ru,65.5583764436881,78.84973569777185,65.96178739999999,78.3726069,27.873314708683974,-42.29,79,58,6.89,1608760304,2020-12-23 21:51:44,Northern
"cap-aux-meules, ca",cap-aux-meules,ca,47.05595896855223,-61.7286887968681,47.3777379,-61.8713553,22.233023874377306,26.6,73,100,24.16,1608760305,2020-12-23 21:51:45,Northern
"coquimbo, cl",coquimbo,cl,-29.264484541741417,-84.04334516462666,-29.9590009,-71.3389183,47.98697883927567,64.4,68,20,13.87,1608760306,2020-12-23 21:51:46,Southern
"tinyahuarco, pe",tinyahuarco,pe,-11.082308412070901,-76.41817591968785,-10.7794087,-76.2476324,20.92858130802617,43.21,84,100,6.04,1608760307,2020-12-23 21:51:47,Southern
"rujewa, tz",rujewa,tz,-8.665856318843623,34.41806330033222,-8.707208999999999,34.3809905,2.857226056667564,67.96,84,22,4.38,1608760308,2020-12-23 21:51:48,Southern
"lundazi, zm",lundazi,zm,-11.900782227832408,32.7114851611185,-12.2848978,33.1745097,26.54011761459409,69.53,70,88,5.61,1608760309,2020-12-23 21:51:49,Southern
"pemba, mz",pemba,mz,-12.780585340399867,41.186056035248725,-12.9732026,40.5178014,13.308715123264895,82.4,83,20,10.29,1608760310,2020-12-23 21:51:50,Southern
"xuchang, cn",xuchang,cn,34.25682882245357,114.13012186729475,34.035771,113.852454,15.273790058644453,30.2,58,0,2.24,1608760209,2020-12-23 21:50:09,Northern
"urumqi, cn",urumqi,cn,43.118943161668994,88.39795008723405,43.825592,87.61684799999999,48.82526156304483,-0.4,84,75,0.72,1608760313,2020-12-23 21:51:53,Northern
"eyl, so",eyl,so,8.277587537970618,49.87257615091053,7.980799599999999,49.8150661,20.50629381121894,74.17,69,0,17.63,1608760314,2020-12-23 21:51:54,Northern
"bitung, id",bitung,id,2.090447693227418,125.58312456657018,1.4403744,125.1216524,44.91622550734462,75.2,94,40,2.24,1608760316,2020-12-23 21:51:56,Northern
"saint george, us",saint george,us,37.55043089587963,-114.62409554638597,37.0965278,-113.5684164,31.362023367846803,48.0,17,1,20.8,1608760042,2020-12-23 21:47:22,Northern
"muravlenko, ru",muravlenko,ru,64.0391340649673,72.8544920339805,63.793478,74.525728,16.973383349649865,-38.33,82,43,10.89,1608760319,2020-12-23 21:51:59,Northern
"cozumel, mx",cozumel,mx,20.168829359057696,-86.38055621431755,20.4229839,-86.9223432,17.5605778511602,80.6,74,40,4.7,1608760031,2020-12-23 21:47:11,Northern
"luderitz, na",luderitz,na,-27.154053238133116,13.43552659843084,-26.6420382,15.1639082,35.37721539330103,68.0,68,0,17.22,1608760321,2020-12-23 21:52:01,Southern
"maihar, in",maihar,in,24.3726664582787,80.66903099451378,24.2657817,80.7624352,7.3851055814173305,53.6,44,0,0.83,1608760322,2020-12-23 21:52:02,Northern
"tomatlan, mx",tomatlan,mx,19.422776766214213,-105.53961762585786,19.9344504,-105.2516629,35.353626369088104,89.24,30,0,7.67,1608760323,2020-12-23 21:52:03,Northern
"sandwick, gb",sandwick,gb,59.36807792412836,-1.560524259653505,60.00107919999999,-1.2335307,43.73664992808884,33.8,86,57,13.87,1608760325,2020-12-23 21:52:05,Northern
"shintomi, jp",shintomi,jp,31.981938307260435,131.77406199288453,32.0689842,131.48801,6.0143571325128535,50.38,58,80,4.38,1608760326,2020-12-23 21:52:06,Northern
"pitimbu, br",pitimbu,br,-7.105236251210897,-30.773433326411833,-7.472544800000001,-34.8081102,25.378851554228223,80.6,78,40,10.29,1608760328,2020-12-23 21:52:08,Southern
"qarayeri, az",qarayeri,az,40.7821132769962,46.38394673944407,40.7881279,46.3119866,0.4155749297732267,37.4,80,40,11.41,1608760329,2020-12-23 21:52:09,Northern
"balasheyka, ru",balasheyka,ru,53.40551275755172,48.107467691522686,53.2832921,48.0845969,8.44472565392499,4.06,91,85,3.49,1608760330,2020-12-23 21:52:10,Northern
"ialibu, pg",ialibu,pg,-7.087495053889654,143.92471360656225,-6.261578099999999,143.9813542,57.06598400169792,62.6,100,75,4.7,1608760331,2020-12-23 21:52:11,Southern
"chaman, pk",chaman,pk,31.635730658841226,66.91869620198281,30.9163921,66.4985787,49.702046310242295,39.16,69,0,2.33,1608760332,2020-12-23 21:52:12,Northern
"tocopilla, cl",tocopilla,cl,-21.51109218570423,-74.4852593168473,-22.0886778,-70.1960541,39.907754974378356,68.61,55,48,2.42,1608760333,2020-12-23 21:52:13,Southern
"iskateley, ru",iskateley,ru,67.9160886970098,55.54566199441024,67.6766098,53.1295176,16.546577523496527,-22.95,82,24,7.2,1608760334,2020-12-23 21:52:14,Northern
"kunmadaras, hu",kunmadaras,hu,47.40546303959033,20.873485109089245,47.4261568,20.7949978,1.4298166358151043,48.2,87,0,6.93,1608760335,2020-12-23 21:52:15,Northern
"prattville, us",prattville,us,32.366379092412075,-86.41100817444563,32.4640245,-86.4596966,6.746721012335871,69.8,36,75,4.7,1608760218,2020-12-23 21:50:18,Northern
"whitehorse, ca",whitehorse,ca,60.05391889825239,-133.6051682079767,60.7211871,-135.0568448,46.10429214031836,30.2,80,20,19.46,1608760338,2020-12-23 21:52:18,Northern
"nemyriv, ua",nemyriv,ua,49.01642831023372,28.844388949253585,48.9749521,28.8474081,2.86576118640202,33.01,94,97,3.24,1608760339,2020-12-23 21:52:19,Northern
"ruteng, id",ruteng,id,-8.851648734142543,120.27291201499429,-8.614365000000001,120.466499,16.394904733061715,61.99,100,20,0.81,1608760340,2020-12-23 21:52:20,Southern
"zwedru, lr",zwedru,lr,5.80645966226777,-9.03855169868342,6.064944,-8.1393179,17.859741239417247,73.98,85,70,3.33,1608760279,2020-12-23 21:51:19,Northern
"puerto suarez, bo",puerto suarez,bo,-19.306649586089037,-58.7084784313397,-18.9720085,-57.8140428,23.12172280170801,91.4,63,75,9.17,1608760343,2020-12-23 21:52:23,Southern
"yuncheng, cn",yuncheng,cn,35.15778404000035,111.41025185259531,35.026516,111.00746,9.06984635115654,29.59,80,0,2.39,1608760344,2020-12-23 21:52:24,Northern
"guiratinga, br",guiratinga,br,-16.015135811950813,-53.216410291590535,-16.3760849,-53.6501903,24.93945037335328,76.96,83,84,2.68,1608760345,2020-12-23 21:52:25,Southern
"moree, au",moree,au,-29.47453886564277,150.04359629311767,-29.465833,149.833889,0.6015239027990403,69.8,64,100,10.29,1608760346,2020-12-23 21:52:26,Southern
"dongying, cn",dongying,cn,38.29206048086229,119.17457491163253,37.43396300000001,118.674614,59.28946837108556,29.88,78,3,7.09,1608760106,2020-12-23 21:48:26,Northern
"taltal, cl",taltal,cl,-25.539188893136554,-78.48980634759471,-25.3101988,-69.8613827,15.821863118242511,66.67,63,20,5.39,1608760220,2020-12-23 21:50:20,Southern
"lubbock, us",lubbock,us,33.71481908495642,-101.47477026446448,33.5778631,-101.8551665,9.46284975705189,46.4,20,20,27.51,1608760066,2020-12-23 21:47:46,Northern
"sunderland, gb",sunderland,gb,55.11682332235952,-0.9934791585616551,54.906869,-1.383801,14.506603774665539,43.0,79,100,8.99,1608760176,2020-12-23 21:49:36,Northern
"jega, ng",jega,ng,12.394470707348418,4.747108706750112,12.2257507,4.3822109,11.657556119616299,76.84,18,91,9.06,1608760353,2020-12-23 21:52:33,Northern
"sinnai, it",sinnai,it,39.323237328106615,9.507575413666814,39.3415037,9.3007367,1.2620984244571798,51.01,100,38,3.36,1608760354,2020-12-23 21:52:34,Northern
"jangaon, in",jangaon,in,17.715481681581224,78.77542293309642,17.7226509,79.1517868,0.4953506544017837,60.19,63,10,1.92,1608760130,2020-12-23 21:48:50,Northern
"paraopeba, br",paraopeba,br,-19.03608473505058,-44.56344991179421,-19.2784382,-44.4062327,16.74519319215643,77.0,69,75,3.36,1608760356,2020-12-23 21:52:36,Southern
"lahij, ye",lahij,ye,13.663254848452482,46.20391508473199,13.1489588,44.8505495,35.534819735697994,69.91,70,68,4.38,1608760357,2020-12-23 21:52:37,Northern
"dukat, ru",dukat,ru,62.26197928166985,155.3681412052726,62.5746833,155.362996,21.60600097050297,-42.2,79,99,5.73,1608760358,2020-12-23 21:52:38,Northern
"xining, cn",xining,cn,35.9174152340331,101.88249232776127,36.617134,101.778223,48.34643448872682,12.11,73,0,3.85,1608760359,2020-12-23 21:52:39,Northern
"palmas de monte alto, br",palmas de monte alto,br,-14.287299984124232,-43.348192394885274,-14.2680122,-43.1612543,1.3326719775856366,76.55,64,82,1.77,1608760360,2020-12-23 21:52:40,Southern
"olga, ru",olga,ru,41.008944131542705,136.8774158485154,40.7752371,-73.9791118,16.147775705887952,24.35,88,90,7.96,1608760361,2020-12-23 21:52:41,Northern
"abha, sa",abha,sa,18.686615169170153,41.26637831291751,18.2464685,42.5117238,30.411535521791073,57.2,93,0,1.21,1608760362,2020-12-23 21:52:42,Northern
"nazca, pe",nazca,pe,-14.5529875632499,-74.70973771588945,-14.8358687,-74.9327583,19.545415974497608,77.61,49,19,7.54,1608760363,2020-12-23 21:52:43,Southern
"wewak, pg",wewak,pg,-2.8612753663620083,143.7012105948021,-3.5800229,143.6583166,49.66120995904067,75.4,88,100,6.69,1608760364,2020-12-23 21:52:44,Southern
"jiancheng, cn",jiancheng,cn,30.234641722356045,104.37797496691712,30.561216,104.27078,22.5643539772713,46.99,100,0,0.81,1608760365,2020-12-23 21:52:45,Northern
"suzdal, ru",suzdal,ru,56.38102848181077,40.266799998328906,56.4241195,40.4474469,2.977334879763185,12.11,94,41,11.79,1608760366,2020-12-23 21:52:46,Northern
"kepala batas, my",kepala batas,my,5.529766953570402,100.41598358215339,5.517234999999999,100.4314871,0.8658839833601167,78.8,88,20,1.12,1608760367,2020-12-23 21:52:47,Northern
"kainantu, pg",kainantu,pg,-6.945017857900211,145.9736058252654,-6.289925299999999,145.859323,45.263027054605594,61.93,93,100,2.82,1608760369,2020-12-23 21:52:49,Southern
"rock springs, us",rock springs,us,41.65580233141918,-108.84852390369049,41.58746439999999,-109.2029043,4.721747486488346,19.4,44,20,18.34,1608760338,2020-12-23 21:52:18,Northern
"atbasar, kz",atbasar,kz,52.593497370934074,68.58721981062516,51.8204945,68.3636926,53.409933357396355,8.11,95,100,9.86,1608760371,2020-12-23 21:52:51,Northern
"erzurum, tr",erzurum,tr,39.507943177192686,41.524070282833605,39.9054993,41.2658236,27.468780289658987,3.2,84,40,1.12,1608760373,2020-12-23 21:52:53,Northern
"tizimin, mx",tizimin,mx,21.020881880553233,-88.12229560266603,21.1454686,-88.1496087,8.608206557923648,79.84,72,13,5.55,1608760374,2020-12-23 21:52:54,Northern
"nargana, pa",nargana,pa,10.162127879648295,-78.577921362652,9.4451893,-78.5846371,49.53622192126081,81.75,81,74,15.97,1608760375,2020-12-23 21:52:55,Northern
"vangaindrano, mg",vangaindrano,mg,-23.342188148177243,47.41236795976755,-23.3505295,47.5914122,0.5763381504985448,73.94,91,74,6.33,1608760376,2020-12-23 21:52:56,Southern
"oistins, bb",oistins,bb,12.86217563807476,-59.053442092986074,13.070147,-59.530023,14.369592919172247,80.6,74,75,17.22,1608760167,2020-12-23 21:49:27,Northern
"tarakan, id",tarakan,id,3.2905409663153335,118.53305858412904,3.3273599,117.5785049,2.543970880744805,76.62,91,93,5.48,1608760378,2020-12-23 21:52:58,Northern
"edmundston, ca",edmundston,ca,47.26754677682615,-68.52475401864668,47.3690127,-68.32667409999999,7.010696076993246,15.8,52,1,3.36,1608760379,2020-12-23 21:52:59,Northern
"zhigansk, ru",zhigansk,ru,66.8513885968417,124.21945644738867,66.75206399999999,123.3941119,6.862743073199623,-44.46,78,91,3.76,1608760380,2020-12-23 21:53:00,Northern
"pacocha, pe",pacocha,pe,-17.5409939248824,-71.56185852433329,-17.6142801,-71.3369739,5.063641903838814,67.87,79,93,3.62,1608760383,2020-12-23 21:53:03,Southern
"inuvik, ca",inuvik,ca,67.62676806723758,-134.09103567573345,68.3607437,-133.7230178,50.71338167790305,-4.0,76,100,6.93,1608760140,2020-12-23 21:49:00,Northern
"ryotsu, jp",ryotsu,jp,38.24923209478234,137.95824464326387,38.0817345,138.4382929,11.573094630345842,51.17,68,95,23.58,1608760386,2020-12-23 21:53:06,Northern
"gaziantep, tr",gaziantep,tr,37.1461615278712,37.05387010938941,37.065953,37.37811,5.5419355986596415,35.6,51,0,4.7,1608760387,2020-12-23 21:53:07,Northern
"timmins, ca",timmins,ca,48.42773526876633,-81.78783922159816,48.4758208,-81.3304953,3.322426235677641,32.0,96,90,10.29,1608760388,2020-12-23 21:53:08,Northern
"calama, cl",calama,cl,-22.48396696164228,-68.46154165892949,-22.4543923,-68.9293819,2.0434344641865363,75.2,23,40,25.28,1608760389,2020-12-23 21:53:09,Southern
"olinda, br",olinda,br,-8.582539425867267,-26.84387960079556,-7.990632100000001,-34.8416598,40.89730066606925,78.8,65,40,8.05,1608760390,2020-12-23 21:53:10,Southern
"santa rosalia, mx",santa rosalia,mx,27.336630881753862,-112.00763703892882,27.3361939,-112.2701486,0.030192858564602035,68.85,33,69,9.89,1608760391,2020-12-23 21:53:11,Northern
"nyurba, ru",nyurba,ru,63.11262192549532,118.79492680756584,63.2803099,118.3618985,11.586248744858386,-33.2,83,100,1.97,1608760392,2020-12-23 21:53:12,Northern
"deputatskiy, ru",deputatskiy,ru,69.83695403867478,142.94801604495962,69.30260299999999,139.9583829,36.92050112386993,-22.43,88,100,4.34,1608760393,2020-12-23 21:53:13,Northern
"zhezkazgan, kz",zhezkazgan,kz,48.60970776759095,68.5968648377227,47.79636559999999,67.7020019,56.197140529764596,-3.95,93,28,2.93,1608760394,2020-12-23 21:53:14,Northern
"sai buri, th",sai buri,th,6.968222793925534,101.87197327703768,6.7179589,101.5930268,17.29175711879764,75.15,89,79,2.8,1608760398,2020-12-23 21:53:18,Northern
"sokoto, ng",sokoto,ng,13.47884743366177,4.797468121414795,13.0058731,5.2475518,32.679733272023746,76.15,18,100,9.04,1608760399,2020-12-23 21:53:19,Northern
"jimeta, ng",jimeta,ng,9.29789906904685,12.26350956565335,9.2485489,12.4495221,3.4098052401584327,77.63,24,89,2.86,1608760400,2020-12-23 21:53:20,Northern
"kaspiysk, ru",kaspiysk,ru,43.20266947242473,47.91978128784976,42.87404919999999,47.6404175,22.70572013385437,30.2,92,90,20.13,1608760401,2020-12-23 21:53:21,Northern
"liberal, us",liberal,us,37.11330517744079,-100.82141871697876,37.09024,-95.712891,1.593667548091535,32.0,66,20,31.09,1608760402,2020-12-23 21:53:22,Northern
"polovinnoye, ru",polovinnoye,ru,54.73115065971234,65.59125982930163,54.78940859999999,65.9674841,4.025279627412633,13.82,97,85,9.22,1608760403,2020-12-23 21:53:23,Northern
"zhanaozen, kz",zhanaozen,kz,42.7730762797091,52.63351676495904,43.357629,52.8434912,40.38914085389527,22.39,83,100,14.07,1608760404,2020-12-23 21:53:24,Northern
"moose factory, ca",moose factory,ca,52.01535138259854,-80.44664373304339,51.262486,-80.59296499999999,52.01855183679877,14.0,92,90,17.22,1608760406,2020-12-23 21:53:26,Northern
"atar, mr",atar,mr,20.002051219993746,-8.413070140735329,20.5072923,-13.052978,34.90917489083234,62.91,31,0,9.57,1608760407,2020-12-23 21:53:27,Northern
"cortez, us",cortez,us,38.06967205983804,-109.88007231851304,37.3488827,-108.5859265,49.802288091312406,30.2,36,1,17.22,1608760408,2020-12-23 21:53:28,Northern
"panlaitan, ph",panlaitan,ph,12.376159737772056,118.83885663065786,12.1211558,119.8453576,17.619266155921938,81.27,78,93,10.38,1608760410,2020-12-23 21:53:30,Northern
"te anau, nz",te anau,nz,-45.289172457675775,158.53308813078462,-45.4106975,167.7347236,8.396662749710353,56.3,88,94,1.34,1608760412,2020-12-23 21:53:32,Southern
"shangzhi, cn",shangzhi,cn,45.512884967910736,128.146865356087,45.20958599999999,128.009894,20.95616752872531,5.13,93,96,10.98,1608760413,2020-12-23 21:53:33,Northern
"jiazi, cn",jiazi,cn,20.35393358149439,116.95210233481743,19.604985,110.497031,51.74792401145368,62.71,82,92,5.97,1608760414,2020-12-23 21:53:34,Northern
"eirunepe, br",eirunepe,br,-6.542759836633664,-68.8995948550336,-6.657140099999999,-69.8667141,7.903000717727476,81.39,75,76,1.97,1608760415,2020-12-23 21:53:35,Southern
"kuandian, cn",kuandian,cn,40.70903571612379,124.99936173799472,40.731316,124.783659,1.5394360380239767,17.94,83,0,3.24,1608760416,2020-12-23 21:53:36,Northern
"inhambane, mz",inhambane,mz,-24.55089949415016,38.98599578443688,-23.8662153,35.3826756,47.307634363936806,81.03,82,96,12.5,1608760417,2020-12-23 21:53:37,Southern
"kolondieba, ml",kolondieba,ml,10.53714511894509,-7.5049665953440865,11.0915371,-6.8914024,38.305211889107014,75.47,20,78,4.65,1608760418,2020-12-23 21:53:38,Northern
"bisira, pa",bisira,pa,9.327214398792393,-81.79083497473145,8.900365599999999,-81.8005724,29.492731210219297,63.81,99,94,6.22,1608760419,2020-12-23 21:53:39,Northern
"nizhniy odes, ru",nizhniy odes,ru,63.59724387673376,54.61627691724351,63.6378381,54.84651059999999,2.8048210955879465,-20.58,86,0,5.12,1608760420,2020-12-23 21:53:40,Northern
"uray, ru",uray,ru,59.98406183787435,64.16651706235129,60.12543359999999,64.8066207,9.767953881753826,-2.61,92,92,7.18,1608760422,2020-12-23 21:53:42,Northern
"formosa do rio preto, br",formosa do rio preto,br,-11.004896596164684,-46.03042836412317,-11.0409838,-45.1899521,2.4934126694379315,74.19,78,93,0.29,1608760423,2020-12-23 21:53:43,Southern
"tonk, in",tonk,in,26.262203858046036,75.78746488639922,26.1659063,75.7962852,6.653592568813974,54.25,45,0,7.02,1608760424,2020-12-23 21:53:44,Northern
"muros, es",muros,es,42.739421317427116,-12.253264611298334,42.8073676,-9.0460525,4.6946868641188,44.01,95,37,6.87,1608760425,2020-12-23 21:53:45,Northern
"nefteyugansk, ru",nefteyugansk,ru,60.725018961653376,72.93536052302642,61.0952059,72.6040199,25.577731274116374,-14.8,75,99,6.71,1608760143,2020-12-23 21:49:03,Northern
"castres, fr",castres,fr,43.6498576711075,2.114119272848967,43.606214,2.241295,3.0155199326837776,54.0,93,90,8.05,1608760427,2020-12-23 21:53:47,Northern
"ugoofaaru, mv",ugoofaaru,mv,6.102715260655785,67.12500744024328,5.6675876,73.03019680000001,30.064751673564473,81.1,80,100,11.77,1608760428,2020-12-23 21:53:48,Northern
"srivardhan, in",srivardhan,in,17.72102368528364,70.49610173312817,18.0594018,73.0228173,23.379929410564202,70.65,54,0,5.32,1608760429,2020-12-23 21:53:49,Northern
"mahanoro, mg",mahanoro,mg,-20.080700177114224,49.47410132234765,-19.894468,48.8070527,12.86754363105306,75.51,82,11,0.78,1608760430,2020-12-23 21:53:50,Southern
"pindiga, ng",pindiga,ng,9.755845306790718,10.968122953936472,9.984756599999999,10.9510315,15.816418508626551,74.75,22,86,6.64,1608760431,2020-12-23 21:53:51,Northern
"aurad, in",aurad,in,18.282373993139757,77.37585521661879,18.2496144,77.41568889999999,2.2634944218196833,58.1,57,0,6.06,1608760432,2020-12-23 21:53:52,Northern
"hofn, is",hofn,is,64.81679817857426,-11.062412039366848,64.24970259999999,-15.2020077,39.18295545568469,27.77,81,25,8.3,1608760433,2020-12-23 21:53:53,Northern
"poole, gb",poole,gb,50.13758119674898,-2.0272787191400994,50.71505,-1.987248,39.8996840210218,46.99,100,40,4.7,1608760435,2020-12-23 21:53:55,Northern
"kanniyakumari, in",kanniyakumari,in,7.7991837634424,77.96071485918549,8.0883064,77.5384507,19.97666675156913,77.16,79,99,19.13,1608760437,2020-12-23 21:53:57,Northern
"novikovo, ru",novikovo,ru,46.06465380628117,144.6555254051292,46.363217,143.3583363,20.628953499519742,10.4,95,33,6.33,1608760438,2020-12-23 21:53:58,Northern
"marshfield, us",marshfield,us,45.326956967937576,-90.40354802588752,44.6688524,-90.1717987,45.47113916054486,46.4,70,90,14.99,1608760367,2020-12-23 21:52:47,Northern
"waddan, ly",waddan,ly,28.551353219027263,16.74717955341322,29.1617805,16.1358771,42.17692019292786,58.1,62,7,7.63,1608760440,2020-12-23 21:54:00,Northern
"kidal, ml",kidal,ml,18.85772991062636,4.240949825001763,18.4520713,1.4096535,28.028614348129373,63.99,28,59,11.68,1608760441,2020-12-23 21:54:01,Northern
"merauke, id",merauke,id,-8.122344699997683,136.49471242200235,-8.4991117,140.4049814,26.032374675496182,80.31,85,100,5.88,1608760442,2020-12-23 21:54:02,Southern
"tongren, cn",tongren,cn,27.505265417925997,108.2916781629732,27.731514,109.189598,15.632440894011504,41.63,76,12,0.6,1608760443,2020-12-23 21:54:03,Northern
"saulkrasti, lv",saulkrasti,lv,57.463375610366285,24.1250301295006,57.2680959,24.4150881,13.492674747910847,39.2,93,90,6.93,1608760444,2020-12-23 21:54:04,Northern
"florianopolis, br",florianopolis,br,-27.872831202244576,-46.29335197731828,-27.5986393,-48.5187229,18.94504118506669,75.2,83,75,8.05,1608760426,2020-12-23 21:53:46,Southern
"suez, eg",suez,eg,29.937074522130544,32.85390335813631,29.9668343,32.5498069,2.056224902266897,57.18,75,31,11.01,1608760446,2020-12-23 21:54:06,Northern
"maraa, br",maraa,br,-2.27606851466696,-65.24038376585295,-1.824441,-65.35862,31.20479414466,76.64,95,100,1.63,1608760447,2020-12-23 21:54:07,Southern
"san carlos del zulia, ve",san carlos del zulia,ve,9.089340348432373,-71.9061588543954,8.999995199999999,-71.9253141,6.1732221224657104,81.45,79,10,3.85,1608760449,2020-12-23 21:54:09,Northern
"le mans, fr",le mans,fr,48.12064593570608,0.1669544841562356,48.00611000000001,0.199556,7.91375675706896,50.0,71,90,19.46,1608760450,2020-12-23 21:54:10,Northern
"vung tau, vn",vung tau,vn,10.385269544204846,107.049098281331,10.4113797,107.136224,1.8040575700389563,77.49,85,73,13.18,1608760451,2020-12-23 21:54:11,Northern
"bestobe, kz",bestobe,kz,53.32511329364661,72.91749629712467,52.5017027,73.0947195,56.89280931039451,10.9,95,100,15.52,1608760452,2020-12-23 21:54:12,Northern
"snyder, us",snyder,us,32.85525833819902,-101.25561277583854,32.7178862,-100.9176184,9.49160348849269,50.0,19,1,20.8,1608760433,2020-12-23 21:53:53,Northern
"beloit, us",beloit,us,42.51100694583229,-89.27198039528014,42.5083482,-89.03177649999999,0.1837036355964687,51.01,57,75,29.97,1608760455,2020-12-23 21:54:15,Northern
"tibiri, ne",tibiri,ne,13.89373336610447,6.8997877452588625,13.5655838,7.0552218,22.67319710691361,73.6,19,100,9.04,1608760456,2020-12-23 21:54:16,Northern
"sao joao batista, br",sao joao batista,br,-27.3905385359187,-49.034114442304514,-27.2758367,-48.850354,7.925219482026018,75.99,83,91,2.91,1608760457,2020-12-23 21:54:17,Southern
"hastings, us",hastings,us,40.62554323028368,-98.51190981932729,40.5862583,-98.38987259999999,2.7143566826160845,21.99,79,90,36.91,1608760422,2020-12-23 21:53:42,Northern
"bontang, id",bontang,id,0.8645880502444214,118.3507030282858,0.120863,117.4800445,51.38700885002104,76.62,90,100,7.56,1608760259,2020-12-23 21:50:59,Northern
"pindushi, ru",pindushi,ru,63.319431603264604,34.68019299562701,62.91946729999999,34.576907,27.635171337575134,26.2,98,100,9.69,1608760461,2020-12-23 21:54:21,Northern
"hargeysa, so",hargeysa,so,8.845982141927536,43.74913499560054,9.562389,44.0770134,49.499483100490934,60.13,64,6,8.3,1608760441,2020-12-23 21:54:01,Northern
"kirkwall, gb",kirkwall,gb,59.85270665365837,-3.050023230935608,58.98467400000001,-2.9622491,59.975930138416274,39.2,71,50,9.17,1608760463,2020-12-23 21:54:23,Northern
"lhokseumawe, id",lhokseumawe,id,5.736557575044529,97.62627620844489,5.1811638,97.14132219999999,38.37442993762312,75.24,85,100,3.04,1608760466,2020-12-23 21:54:26,Northern
"awbari, ly",awbari,ly,27.293966852104603,12.659154518955376,26.5810176,12.7939759,49.26058294725311,54.41,55,10,8.34,1608760467,2020-12-23 21:54:27,Northern
"ibiruba, br",ibiruba,br,-28.436556285368006,-53.11065373415302,-28.6308108,-53.09559119999999,13.421839777038855,78.39,51,0,3.78,1608760468,2020-12-23 21:54:28,Southern
"coihaique, cl",coihaique,cl,-45.10536969527588,-70.33338665091973,-45.5712254,-72.068265,32.187878052008216,60.8,59,90,4.7,1608760469,2020-12-23 21:54:29,Southern
"saurimo, ao",saurimo,ao,-9.718891172119058,18.935292708773204,-9.661217299999999,20.3904598,3.9849239662199345,64.02,98,93,2.98,1608760471,2020-12-23 21:54:31,Southern
"escarcega, mx",escarcega,mx,18.679109664960293,-90.16267628096301,18.6101834,-90.7390245,4.762397859732615,84.11,55,0,5.3,1608760472,2020-12-23 21:54:32,Northern
"murray bridge, au",murray bridge,au,-35.56397994149488,140.48406316279232,-35.1311491,139.2650902,29.906055033576877,61.0,80,63,6.38,1608760473,2020-12-23 21:54:33,Southern
"kuytun, ru",kuytun,ru,55.00588575912889,101.66929127413653,54.3492798,101.5173735,45.367594142007334,-6.48,91,100,5.68,1608760474,2020-12-23 21:54:34,Northern
"sesheke, zm",sesheke,zm,-17.622377133567866,24.539444441138926,-17.4738864,24.2955141,10.259832766813783,71.6,94,64,1.12,1608760475,2020-12-23 21:54:35,Southern
"hovin, no",hovin,no,63.08013086803646,10.211486330529084,63.1055527,10.2236168,1.756498458220076,35.01,93,86,1.99,1608760477,2020-12-23 21:54:37,Northern
"lapeer, us",lapeer,us,43.00298890559901,-82.99531724307228,43.0514161,-83.31883409999999,3.3460331428227805,46.4,61,75,13.87,1608760478,2020-12-23 21:54:38,Northern
"guadalajara, es",guadalajara,es,40.92537983823689,-3.2004893504209235,40.632489,-3.16017,20.237027234221873,46.99,100,90,1.12,1608760479,2020-12-23 21:54:39,Northern
"borsec, ro",borsec,ro,46.90073657287428,25.643798491706036,46.9702828,25.5597881,4.8052335841322344,34.0,89,100,2.68,1608760480,2020-12-23 21:54:40,Northern
"wucheng, cn",wucheng,cn,29.904816803940975,117.8002181411116,29.086221,119.571633,56.56013577582299,44.01,84,76,1.19,1608760481,2020-12-23 21:54:41,Northern
"sertania, br",sertania,br,-8.044451293119351,-37.2654770736591,-8.0751481,-37.26935599999999,2.1209680732480463,78.6,54,100,7.52,1608760482,2020-12-23 21:54:42,Southern
"yerbogachen, ru",yerbogachen,ru,61.80662280667977,109.10698335876191,61.2776586,108.0136671,36.54830284533807,-22.13,86,100,4.41,1608760483,2020-12-23 21:54:43,Northern
"luganville, vu",luganville,vu,-16.01690379910491,163.90786590054392,-15.5064326,167.2002745,35.27054523370428,82.4,83,40,1.12,1608760485,2020-12-23 21:54:45,Southern
"namie, jp",namie,jp,37.11491656068441,143.64878218277818,37.4954732,141.0017195,26.294216372055438,30.0,88,95,7.31,1608760486,2020-12-23 21:54:46,Northern
"rovereto, it",rovereto,it,45.91261278280689,11.155002277079916,45.89096,11.0401399,1.4960794198870502,43.0,96,100,1.3,1608760487,2020-12-23 21:54:47,Northern
"berdigestyakh, ru",berdigestyakh,ru,62.29271944117377,125.78519661513337,62.09813870000001,126.6983403,13.444380104521468,-37.75,81,100,1.79,1608760489,2020-12-23 21:54:49,Northern
"raton, us",raton,us,36.75911451735061,-105.00547830424999,36.9033581,-104.4391532,9.966379720202795,28.4,39,75,19.46,1608760490,2020-12-23 21:54:50,Northern
"benghazi, ly",benghazi,ly,32.558032786980135,18.915410397367054,32.1194242,20.0867909,30.30526312571627,62.6,65,82,6.04,1608760492,2020-12-23 21:54:52,Northern
"aquidauana, br",aquidauana,br,-19.968839113953408,-55.88093521663467,-20.4670046,-55.7872944,34.42029313364971,91.26,44,70,4.74,1608760493,2020-12-23 21:54:53,Southern
"kisangani, cd",kisangani,cd,-0.045772350800277195,26.419790274016123,0.5185303,25.2007728,38.98998064033771,72.27,92,87,2.53,1608760494,2020-12-23 21:54:54,Northern
"lengshuitan, cn",lengshuitan,cn,25.861772930948035,111.25215243141133,26.461076,111.592142,41.40830284403747,47.48,63,76,2.46,1608760495,2020-12-23 21:54:55,Northern
"bernalillo, us",bernalillo,us,35.46325632440703,-106.71505089747046,35.30004,-106.5511369,11.277284130762233,37.99,19,20,24.16,1608760496,2020-12-23 21:54:56,Northern
"blagoyevo, ru",blagoyevo,ru,63.24267068869409,48.029928662642334,63.4240605,47.9526718,12.532964750638914,11.5,95,98,8.84,1608760497,2020-12-23 21:54:57,Northern
"reconquista, ar",reconquista,ar,-28.95369131905695,-59.5856514113582,-29.1448193,-59.64352419999999,13.205814763103046,85.77,39,0,4.97,1608760498,2020-12-23 21:54:58,Southern
"temiscaming, ca",temiscaming,ca,46.44821510351193,-79.03735766289758,46.718235,-79.10011999999999,18.65678022537244,33.8,80,100,19.46,1608760499,2020-12-23 21:54:59,Northern
"podosinovets, ru",podosinovets,ru,60.366739654691685,46.68274608217911,60.2820072,47.0682386,5.85451222557914,21.43,97,96,6.71,1608760248,2020-12-23 21:50:48,Northern
"san angelo, us",san angelo,us,31.066105349785033,-99.90900024129343,31.4637723,-100.4370375,27.476437809028486,66.2,19,1,14.99,1608760501,2020-12-23 21:55:01,Northern
"kijang, id",kijang,id,1.1474480693390063,104.8405090214635,0.8533655000000001,104.5946633,20.319368815523895,78.8,94,20,2.24,1608760511,2020-12-23 21:55:11,Northern
"sivas, tr",sivas,tr,39.16037695757953,37.02993484141277,39.750545,37.0150217,40.7771264513591,19.4,73,40,9.17,1608760512,2020-12-23 21:55:12,Northern
"samfya, zm",samfya,zm,-11.141702829546887,30.102896748535898,-11.3620219,29.5513689,15.22274665816591,67.46,90,83,3.51,1608760513,2020-12-23 21:55:13,Southern
"bingol, tr",bingol,tr,39.426391727715924,40.63046606422236,38.8983846,40.4878521,36.482174341035496,23.14,87,0,6.22,1608760515,2020-12-23 21:55:15,Northern
"llanes, es",llanes,es,42.918392200339724,-5.0263221363254615,43.4211483,-4.7562159,34.73747742415584,52.0,79,78,7.0,1608760516,2020-12-23 21:55:16,Northern
"shakhtinsk, kz",shakhtinsk,kz,49.75252718253793,71.91403877320144,49.7178388,72.58431999999999,2.3967623786286545,-9.4,76,0,2.24,1608760517,2020-12-23 21:55:17,Northern
"mokrous, ru",mokrous,ru,51.0380454537065,47.86957747762841,51.2403554,47.512381,13.978422532916655,8.56,93,100,2.53,1608760520,2020-12-23 21:55:20,Northern
"millau, fr",millau,fr,43.98224854406297,3.4048444816785093,44.100575,3.077801,8.175659319838118,51.01,100,100,14.99,1608760521,2020-12-23 21:55:21,Northern
"pangkalanbuun, id",pangkalanbuun,id,-3.0702205592881597,110.27378410361814,-2.688962000000001,111.622398,26.342714896920796,74.41,96,100,2.04,1608760522,2020-12-23 21:55:22,Southern
"byron bay, au",byron bay,au,-27.844957351421456,157.37830291091404,-28.6473671,153.601977,55.44177493819495,70.0,83,75,9.17,1608760523,2020-12-23 21:55:23,Southern
"urucui, br",urucui,br,-7.867864889110663,-44.76311990736633,-7.741486099999999,-44.5501935,8.732027988502402,77.54,84,100,6.64,1608760524,2020-12-23 21:55:24,Southern
"biloela, au",biloela,au,-25.19533701916103,149.95575909549632,-24.3976694,150.5164324,55.114121800431406,76.98,59,92,12.48,1608760525,2020-12-23 21:55:25,Southern
"tillicoultry, gb",tillicoultry,gb,56.13913246412159,-3.741250351036456,56.153916,-3.740211,1.0214550239621634,35.6,74,0,2.24,1608760526,2020-12-23 21:55:26,Northern
"de land, us",de land,us,29.033486362987432,-81.343506953569,29.028318,-81.3031179,0.357103360291674,73.4,53,1,11.41,1608760346,2020-12-23 21:52:26,Northern
"itaueira, br",itaueira,br,-7.566951078822399,-42.479525557375325,-7.600295799999999,-43.0252845,2.3039233137188444,77.13,68,100,1.95,1608760528,2020-12-23 21:55:28,Southern
"morondava, mg",morondava,mg,-21.152544855235206,42.49925516845548,-20.2904186,44.2999955,59.56783288803765,81.45,80,1,5.95,1608760530,2020-12-23 21:55:30,Southern
"veracruz, mx",veracruz,mx,19.280065270367373,-96.15564068021419,19.173773,-96.1342241,7.3441681657244375,84.2,62,40,10.29,1608760454,2020-12-23 21:54:14,Northern
"madimba, tz",madimba,tz,-10.886311278878566,40.96666071350822,-10.4,40.333333,33.60123742421347,80.31,84,10,9.82,1608760532,2020-12-23 21:55:32,Southern
"pergamino, ar",pergamino,ar,-33.7520304597727,-60.18579363981995,-33.8912831,-60.5745999,9.621535073206871,91.0,25,0,5.01,1608760533,2020-12-23 21:55:33,Southern
"paralimni, cy",paralimni,cy,34.37893752591819,34.37883933974496,35.0352421,33.986149,45.346770215104875,53.6,81,20,3.36,1608760534,2020-12-23 21:55:34,Northern
"guanajay, cu",guanajay,cu,22.889419684350244,-82.67404250012359,22.9221592,-82.68614459999999,2.2621071858297372,78.8,65,40,9.17,1608760535,2020-12-23 21:55:35,Northern
"sangar, ru",sangar,ru,63.60421176675629,126.14626143601078,63.92200099999999,127.4695071,21.957359289926778,-48.41,76,77,0.72,1608760536,2020-12-23 21:55:36,Northern
"dingle, ie",dingle,ie,51.376643805981786,-13.85928803170259,52.14093889999999,-10.2640135,52.80827739691382,45.95,69,3,24.32,1608760537,2020-12-23 21:55:37,Northern
"plyussa, ru",plyussa,ru,58.27501169541242,29.41818617509645,58.4254604,29.3668788,10.39511700133672,35.13,93,100,8.81,1608760538,2020-12-23 21:55:38,Northern
"lawrenceburg, us",lawrenceburg,us,35.30723275121879,-87.20266284554116,35.2423023,-87.33473889999999,4.486310727760623,60.8,26,90,21.92,1608760539,2020-12-23 21:55:39,Northern
"genhe, cn",genhe,cn,50.8530488009545,122.04009018553319,50.780344,121.5203881,5.023472382515181,-13.2,88,76,2.64,1608760540,2020-12-23 21:55:40,Northern
"zhangjiakou, cn",zhangjiakou,cn,41.2700872781748,114.97003414164811,40.76754400000001,114.886335,34.722772716341304,10.58,78,0,5.48,1608760541,2020-12-23 21:55:41,Northern
"kanye, bw",kanye,bw,-25.098109536318503,25.39405823741683,-24.988061,25.3430203,7.603703960048505,71.85,48,87,5.59,1608760542,2020-12-23 21:55:42,Southern
"rosetta, eg",rosetta,eg,31.511980268975407,30.505308117297716,31.3939878,30.4148309,8.152582793173437,62.6,59,40,12.75,1608760544,2020-12-23 21:55:44,Northern
"valdivia, cl",valdivia,cl,-39.84586552639282,-74.12426588884409,-39.8335811,-73.215417,0.8487813171785122,68.0,56,0,11.41,1608760352,2020-12-23 21:52:32,Southern
"bariri, br",bariri,br,-22.04483745841293,-48.65239109795269,-22.075317,-48.7417603,2.105956324537749,86.0,58,20,6.93,1608760546,2020-12-23 21:55:46,Southern
"bougouni, ml",bougouni,ml,10.71812391775768,-7.660142157217933,11.4182881,-7.470593499999999,48.37721012292033,74.34,21,59,4.36,1608760547,2020-12-23 21:55:47,Northern
"la ronge, ca",la ronge,ca,55.150170837507716,-106.47715128189856,55.10823,-105.285989,2.897864187145794,-16.6,75,75,3.36,1608760548,2020-12-23 21:55:48,Northern
"krasnoyarka, ru",krasnoyarka,ru,55.27979747706863,73.02681933714916,56.01528339999999,92.8932476,50.81773380944815,23.0,85,75,11.18,1608760549,2020-12-23 21:55:49,Northern
"umtata, za",umtata,za,-31.686587909176986,28.486512055258373,-31.6066839,28.7780987,5.520895155246514,62.6,82,100,3.36,1608760550,2020-12-23 21:55:50,Southern
"bujumbura, bi",bujumbura,bi,-3.426732750534626,29.41220103645685,-3.361378,29.3598782,4.515627304754623,72.05,70,85,1.23,1608760452,2020-12-23 21:54:12,Southern
"lisala, cd",lisala,cd,1.4400049054729323,21.849013110029205,2.1701072,21.4872092,50.44575688011729,71.89,84,80,2.68,1608760553,2020-12-23 21:55:53,Northern
"itapirapua, br",itapirapua,br,-15.324579937225707,-51.1896696784753,-15.8209352,-50.6091239,34.29521739593757,75.7,83,100,4.7,1608760554,2020-12-23 21:55:54,Southern
"high prairie, ca",high prairie,ca,56.130321674528915,-115.98345649395144,55.43289910000001,-116.4886918,48.18778122068539,32.0,88,99,12.75,1608760555,2020-12-23 21:55:55,Northern
"zirandaro, mx",zirandaro,mx,18.115563065582236,-101.14645712226732,18.4778399,-100.9904021,25.0311898063202,98.19,22,47,0.67,1608760556,2020-12-23 21:55:56,Northern
"upornaya, ru",upornaya,ru,44.43658675069824,41.22873425044804,44.3919234,41.0205688,3.085973770612419,29.44,98,100,2.42,1608760558,2020-12-23 21:55:58,Northern
"granby, ca",granby,ca,45.35258566987477,-72.69588828533902,45.40322889999999,-72.7340662,3.499148124408329,24.8,79,100,5.82,1608760369,2020-12-23 21:52:49,Northern
"caldas novas, br",caldas novas,br,-17.940138539347018,-48.616306551311936,-17.7444886,-48.6250253,13.518255384065782,72.61,88,100,2.06,1608760265,2020-12-23 21:51:05,Southern
"bundi, in",bundi,in,25.556521475482455,75.60487910258243,25.4325869,75.6482726,8.56314726127272,54.36,49,0,2.8,1608760562,2020-12-23 21:56:02,Northern
"san vicente de canete, pe",san vicente de canete,pe,-13.756903929627526,-77.89015200781945,-13.0764767,-76.3848832,47.01350325523372,69.91,76,72,7.52,1608760279,2020-12-23 21:51:19,Southern
"tam ky, vn",tam ky,vn,15.330321885359893,107.864857906169,15.5638292,108.4821677,16.133976447360933,69.8,83,75,1.12,1608760564,2020-12-23 21:56:04,Northern
"uglegorsk, ru",uglegorsk,ru,49.310057625019056,141.8052695080787,49.0796559,142.063087,15.919398544829951,16.12,94,100,6.38,1608760565,2020-12-23 21:56:05,Northern
"kuching, my",kuching,my,2.249533094522107,110.80173153988522,1.553504,110.3592927,48.09149998151208,75.2,94,20,1.77,1608760566,2020-12-23 21:56:06,Northern
"harda, in",harda,in,22.231206337313296,77.09912426906567,22.3466702,77.0889583,7.977871031491111,56.35,41,1,4.43,1608760288,2020-12-23 21:51:28,Northern
"briancon, fr",briancon,fr,44.46031345502166,6.946555469124206,44.899416,6.643179,30.33939270628731,44.01,81,99,5.1,1608760568,2020-12-23 21:56:08,Northern
"gualeguay, ar",gualeguay,ar,-32.78423546576271,-59.499049514719744,-33.1503285,-59.31046849999999,25.294866677006585,89.76,18,0,7.61,1608760569,2020-12-23 21:56:09,Southern
"celestun, mx",celestun,mx,21.202686297471516,-91.51973486765397,20.8593042,-90.3972052,23.725675067564804,81.07,69,9,7.47,1608760570,2020-12-23 21:56:10,Northern
"lalibela, et",lalibela,et,12.057664021316285,38.96789388273592,12.0308987,39.0476298,1.8493256384218482,55.74,57,0,3.06,1608760572,2020-12-23 21:56:12,Northern
"cameta, br",cameta,br,-2.373686919250659,-49.17376570305481,-2.2414892,-49.4984804,9.134081697064833,82.18,72,65,6.31,1608760573,2020-12-23 21:56:13,Southern
"pishin, pk",pishin,pk,31.09777359415422,67.36374214077318,30.5897022,67.0107153,35.1047328838327,36.9,73,0,1.68,1608760574,2020-12-23 21:56:14,Northern
"slagelse, dk",slagelse,dk,55.353107435505734,11.429581824994926,55.403692,11.355257,3.4950946757638244,39.99,100,100,3.4,1608760575,2020-12-23 21:56:15,Northern
"dayong, cn",dayong,cn,29.59932385463489,110.59986677909075,29.103856,110.451191,34.233902734157375,62.6,100,90,2.24,1608760576,2020-12-23 21:56:16,Northern
"kovdor, ru",kovdor,ru,67.44806811050975,29.80561670418294,67.5628431,30.4739144,7.930273961806145,30.07,97,100,10.29,1608760577,2020-12-23 21:56:17,Northern
"kyra, ru",kyra,ru,49.85888481048437,112.53689769676049,49.5902725,111.9805058,18.559524345117392,0.66,82,85,5.37,1608760578,2020-12-23 21:56:18,Northern
"sonoita, mx",sonoita,mx,32.26851041898556,-113.17745324658861,31.8629677,-112.8488631,28.02060692015615,64.0,19,87,8.01,1608760579,2020-12-23 21:56:19,Northern
"ardakan, ir",ardakan,ir,32.93818550964025,54.740462427256574,32.3082212,54.0085616,43.52681349652281,44.6,47,75,2.24,1608760580,2020-12-23 21:56:20,Northern
"khvorostyanka, ru",khvorostyanka,ru,52.37393345065962,48.67609272080222,52.61178049999999,48.9607701,16.433826486532958,6.03,91,99,4.9,1608760581,2020-12-23 21:56:21,Northern
"pantayivka, ua",pantayivka,ua,48.76227841794753,32.89809760929697,48.6764393,32.8944695,5.930976121078621,26.31,97,96,12.1,1608760582,2020-12-23 21:56:22,Northern
"san policarpo, ph",san policarpo,ph,13.006721400114841,131.25392510635328,12.2046953,125.4781649,55.41526709501667,79.65,80,39,3.42,1608760583,2020-12-23 21:56:23,Northern
"thakurgaon, bd",thakurgaon,bd,26.15674308655312,88.56208115127072,26.0418392,88.4282616,7.939179987640175,60.78,56,0,1.72,1608760584,2020-12-23 21:56:24,Northern
"planadas, co",planadas,co,3.2457198254648887,-75.86916686681587,3.197241,-75.64381700000001,3.3496005444272083,74.66,68,11,3.33,1608760585,2020-12-23 21:56:25,Northern
"zhangye, cn",zhangye,cn,38.15705964645642,99.65210177438672,38.925875,100.449818,53.120600635398695,15.91,68,0,4.7,1608760586,2020-12-23 21:56:26,Northern
"rizhao, cn",rizhao,cn,35.180735967790085,119.94828819136177,35.416734,119.526925,16.306070322322274,32.83,79,0,5.86,1608760587,2020-12-23 21:56:27,Northern
"jalingo, ng",jalingo,ng,9.223889826403308,11.629862181700076,8.892852399999999,11.3771496,22.87273119909632,78.93,23,96,3.62,1608760589,2020-12-23 21:56:29,Northern
"santa isabel do rio negro, br",santa isabel do rio negro,br,0.3602032694842876,-65.92094294427375,-0.2725526,-65.475736,43.719693795987936,79.47,87,100,1.41,1608760590,2020-12-23 21:56:30,Southern
"rapid city, us",rapid city,us,44.011952176234104,-103.2643189169086,44.0805434,-103.2310149,4.739248491810188,24.01,57,1,31.09,1608760492,2020-12-23 21:54:52,Northern
"dattapur, in",dattapur,in,20.683251340911667,78.23229089704375,20.7933224,78.1393397,7.605260150434097,57.81,41,0,3.11,1608760592,2020-12-23 21:56:32,Northern
"yertsevo, ru",yertsevo,ru,60.56349500094606,39.85739109470987,60.79173720000001,40.0825252,15.770188053876215,22.89,98,100,8.68,1608760593,2020-12-23 21:56:33,Northern
"gualaquiza, ec",gualaquiza,ec,-3.6958345565534927,-77.44322775756108,-3.4063492,-78.5717631,20.00172856121621,73.69,73,77,2.51,1608760594,2020-12-23 21:56:34,Southern
"koungheul, sn",koungheul,sn,14.844637147620602,-14.159083060518896,13.9802139,-14.8016887,59.726541496814384,77.36,19,100,7.38,1608760595,2020-12-23 21:56:35,Northern
"soderhamn, se",soderhamn,se,61.200818241742326,16.727479095815397,61.3055762,17.0628102,7.238156259935455,32.0,92,0,5.01,1608760596,2020-12-23 21:56:36,Northern
"pangnirtung, ca",pangnirtung,ca,65.45982180965598,-64.93717879923682,66.1465578,-65.7012182,47.44940136390316,-0.4,64,40,4.7,1608760597,2020-12-23 21:56:37,Northern
"gumdag, tm",gumdag,tm,38.94770935055118,54.675956724239626,39.2097706,54.594037,18.10688471532378,34.66,84,100,19.82,1608760598,2020-12-23 21:56:38,Northern
"daneasa, ro",daneasa,ro,44.199528937253746,24.58178567860267,44.1392399,24.5645535,4.165616432980331,41.0,93,95,8.05,1608760599,2020-12-23 21:56:39,Northern
"diamantino, br",diamantino,br,-13.682989457304728,-54.815610915957095,-14.4040989,-56.4370932,49.82440392647456,76.37,90,100,3.87,1608760323,2020-12-23 21:52:03,Southern
"pavlohrad, ua",pavlohrad,ua,48.37083168425042,35.9877664658886,48.5294478,35.9032574,10.959436879396206,24.8,79,0,4.47,1608760601,2020-12-23 21:56:41,Northern
"ouesso, cg",ouesso,cg,1.9443607847425426,16.051479160058477,1.6154718,16.0463837,22.724286568114348,74.53,80,24,3.36,1608760603,2020-12-23 21:56:43,Northern
"xuanzhou, cn",xuanzhou,cn,30.667054763911537,118.58928332056013,30.946249,118.756589,19.290672912036285,43.66,68,62,2.04,1608760604,2020-12-23 21:56:44,Northern
"chiang rai, th",chiang rai,th,20.012292378659765,99.69527845146877,19.9104798,99.840576,7.034647923870828,52.0,100,0,3.36,1608760605,2020-12-23 21:56:45,Northern
"cangucu, br",cangucu,br,-31.65960961784164,-52.7080761445701,-31.3964785,-52.6787852,18.18080630308282,73.99,72,0,5.01,1608760606,2020-12-23 21:56:46,Southern
"blackfoot, us",blackfoot,us,43.87669191284792,-112.85587916191056,43.19047090000001,-112.3449773,47.41381946015799,28.99,50,19,10.0,1608760605,2020-12-23 21:56:45,Northern
"klofta, no",klofta,no,60.087013936191084,11.123485296366425,60.076581,11.1432147,0.7208542783483298,33.01,94,0,5.82,1608760608,2020-12-23 21:56:48,Northern
"mendoza, ar",mendoza,ar,-32.706480696406,-68.81638684169462,-32.8894587,-68.8458386,12.642699458562129,95.0,20,20,8.05,1608760422,2020-12-23 21:53:42,Southern
"talara, pe",talara,pe,-5.061915657046924,-86.09192300253133,-4.581151999999999,-81.26289609999999,33.21792951752761,75.2,69,40,18.34,1608760610,2020-12-23 21:56:50,Southern
"mollendo, pe",mollendo,pe,-17.28611863097278,-72.12834106093143,-17.0206337,-72.0171862,18.34344088983148,69.39,76,78,6.38,1608760611,2020-12-23 21:56:51,Southern
"smithers, ca",smithers,ca,54.47894177104581,-127.433032458594,54.782355,-127.1685541,20.96406229205058,24.8,79,90,2.24,1608760612,2020-12-23 21:56:52,Northern
"gamboma, cg",gamboma,cg,-1.811279308970569,15.809648863042582,-2.083333,14.683333,18.797303417460267,73.78,86,86,0.76,1608760613,2020-12-23 21:56:53,Southern
"ust-kuyga, ru",ust-kuyga,ru,69.55439534959592,135.55776632140726,69.99674999999999,135.5713649,30.56409398566264,-32.55,81,100,2.39,1608760614,2020-12-23 21:56:54,Northern
"kupang, id",kupang,id,-10.905921250105905,123.93136028068898,-10.1771997,123.6070329,50.35035559470057,73.4,100,20,2.24,1608760615,2020-12-23 21:56:55,Southern
"ibaiti, br",ibaiti,br,-23.759378877060314,-50.52830915072656,-23.8401119,-50.1924435,5.578175110448862,70.0,99,5,4.0,1608760616,2020-12-23 21:56:56,Southern
"cheyenne, us",cheyenne,us,41.60360170517055,-105.11723822867279,41.1399814,-104.8202462,32.033425144169186,19.99,28,1,26.4,1608760399,2020-12-23 21:53:19,Northern
"thohoyandou, za",thohoyandou,za,-22.442152970468086,30.80659758308275,-22.878541,30.4818446,30.151835719705588,79.27,62,94,3.98,1608760619,2020-12-23 21:56:59,Southern
"neepawa, ca",neepawa,ca,50.58004081291537,-99.12499620447942,50.2277044,-99.4667714,24.34436538438023,-2.2,53,5,13.87,1608760620,2020-12-23 21:57:00,Northern
"santa rosa, ar",santa rosa,ar,-36.57176354214622,-66.4398217292752,-36.620922,-64.2912369,3.396559128881507,99.82,14,29,4.03,1608760622,2020-12-23 21:57:02,Southern
"pathanamthitta, in",pathanamthitta,in,9.45445001969182,77.01119121353315,9.2647582,76.78704139999999,13.106584501996663,71.94,91,93,3.02,1608760623,2020-12-23 21:57:03,Northern
"lamar, us",lamar,us,38.44310036726998,-103.36342776836611,38.0872307,-102.6207496,24.58849239439542,64.4,39,1,23.04,1608760524,2020-12-23 21:55:24,Northern
"channel-port aux basques, ca",channel-port aux basques,ca,48.15411296726853,-60.062066963743746,47.5721149,-59.136429,40.212629416737066,27.55,95,96,21.92,1608760342,2020-12-23 21:52:22,Northern
"marsa matruh, eg",marsa matruh,eg,31.05957642455327,27.610819024070025,31.3543445,27.2373159,20.36673323926161,62.6,63,0,10.29,1608760626,2020-12-23 21:57:06,Northern
"lerwick, gb",lerwick,gb,60.79557878253112,-0.24328406661084045,60.1529871,-1.1492931,44.399290391421516,33.8,86,60,13.87,1608760477,2020-12-23 21:54:37,Northern
"naranjal, py",naranjal,py,-26.14490967068393,-55.51272185259026,-25.9718022,-55.19002270000001,11.960703925619319,91.4,38,20,2.57,1608760628,2020-12-23 21:57:08,Southern
"thunder bay, ca",thunder bay,ca,48.963040066671425,-88.29538205834658,48.3808951,-89.2476823,40.22277929795244,15.8,85,90,10.29,1608760548,2020-12-23 21:55:48,Northern
"chegdomyn, ru",chegdomyn,ru,51.97267240286669,133.01768621462702,51.1224657,132.9912652,58.74426221114865,-20.06,85,4,0.65,1608760630,2020-12-23 21:57:10,Northern
"hamina, fi",hamina,fi,60.681492912550056,27.477504789818937,60.5693374,27.1878317,7.74928357474872,33.8,100,90,4.7,1608760631,2020-12-23 21:57:11,Northern
"rochegda, ru",rochegda,ru,63.14774144362647,43.375072049522146,62.67249169999999,43.3880201,32.83695066298803,26.42,98,100,6.44,1608760632,2020-12-23 21:57:12,Northern
"tuy hoa, vn",tuy hoa,vn,13.045587014504633,109.80037560176089,13.1057062,109.295048,4.153880679548376,71.94,90,86,7.09,1608760633,2020-12-23 21:57:13,Northern
"scarborough, tt",scarborough,tt,11.90513067382615,-60.22507787604296,11.1869803,-60.7301511,49.61994974261266,86.0,70,20,10.29,1608760636,2020-12-23 21:57:16,Northern
"bethlehem, za",bethlehem,za,-28.355603431621617,27.98476054201828,-28.2423025,28.3111262,7.828425268238826,61.81,60,28,2.42,1608760637,2020-12-23 21:57:17,Southern
"ngunguru, nz",ngunguru,nz,-35.45930329761079,174.84608235299612,-35.6281245,174.5065143,11.664548099320553,73.99,74,79,14.0,1608760638,2020-12-23 21:57:18,Southern
"luziania, br",luziania,br,-16.43300811182621,-48.12237423627303,-16.5236174,-48.0010282,6.260566713129251,71.6,88,75,6.93,1608760394,2020-12-23 21:53:14,Southern
"alice town, bs",alice town,bs,25.272891467818155,-79.37525180013093,25.7269582,-79.2976102,31.373329669963578,73.4,73,21,15.05,1608760640,2020-12-23 21:57:20,Northern
"boshnyakovo, ru",boshnyakovo,ru,49.70560029342167,141.29031923600417,49.6487513,142.176197,3.927929719610868,11.07,90,100,5.41,1608760641,2020-12-23 21:57:21,Northern
"sokolo, ml",sokolo,ml,15.221998732536065,-6.289306765920372,14.7384717,-6.118242899999999,33.408862444513986,70.16,21,96,7.76,1608760642,2020-12-23 21:57:22,Northern
"sepuka, tz",sepuka,tz,-5.154689111424091,34.10940779290479,-4.7526734,34.5320685,27.77691152665626,64.8,82,59,3.36,1608760643,2020-12-23 21:57:23,Southern
"chapada dos guimaraes, br",chapada dos guimaraes,br,-15.099934340063513,-55.92101861354503,-15.4639898,-55.749869,25.154082325863065,82.4,69,20,6.93,1608760645,2020-12-23 21:57:25,Southern
"aseri, ee",aseri,ee,59.546857345305284,26.749000519955388,59.452682,26.8721058,6.506960201308778,38.37,86,99,12.64,1608760646,2020-12-23 21:57:26,Northern
"tatarbunary, ua",tatarbunary,ua,45.8109751372634,29.781215691588812,45.8391132,29.6145762,1.944173963742407,37.44,94,100,4.88,1608760650,2020-12-23 21:57:30,Northern
"gayny, ru",gayny,ru,60.246175559446186,54.360886435894486,60.3278292,54.3033879,5.641784350810734,24.48,99,91,3.69,1608760652,2020-12-23 21:57:32,Northern
"tortoli, it",tortoli,it,39.56820795971896,9.818681161178603,39.9265743,9.6560733,24.760997755177357,53.6,93,20,6.93,1608760653,2020-12-23 21:57:33,Northern
"dzaoudzi, yt",dzaoudzi,yt,-12.051025857771052,46.85171091868591,-12.7852641,45.25834,50.73152644118007,82.4,74,40,10.29,1608760654,2020-12-23 21:57:34,Southern
"meiganga, cm",meiganga,cm,6.357253479010041,14.390809386192927,6.516396599999999,14.2919273,10.995849829239114,68.18,36,86,4.74,1608760655,2020-12-23 21:57:35,Northern
"anadyr, ru",anadyr,ru,64.0305702961407,173.09359264365162,64.7336613,177.4968265,48.57943621209776,-11.2,76,90,8.95,1608760656,2020-12-23 21:57:36,Northern
"trabzon, tr",trabzon,tr,41.32840001887442,39.814783713324914,41.0026969,39.7167633,22.504162050987457,41.0,86,75,5.82,1608760657,2020-12-23 21:57:37,Northern
"oranjestad, aw",oranjestad,aw,12.486782143699372,-70.82537208949365,12.5092044,-70.0086306,1.549245494123296,82.4,74,75,19.46,1608760406,2020-12-23 21:53:26,Northern
"toora-khem, ru",toora-khem,ru,52.044847213668135,97.02750590906749,52.474609,96.110054,29.694001446338817,0.09,89,100,2.26,1608760659,2020-12-23 21:57:39,Northern
"carlsbad, us",carlsbad,us,32.352222978891945,-104.45421825943349,33.1580933,-117.3505939,55.68088006332318,72.0,63,1,3.36,1608760660,2020-12-23 21:57:40,Northern
"joao camara, br",joao camara,br,-5.355761728201102,-36.12170201957221,-5.5347653,-35.8150838,12.368089692813644,80.6,74,40,11.41,1608760661,2020-12-23 21:57:41,Southern
"otane, nz",otane,nz,-40.316081390778066,177.0331397064915,-39.8962223,176.6278521,29.009783664653856,72.52,55,47,8.75,1608760662,2020-12-23 21:57:42,Southern
"palizada, mx",palizada,mx,18.36603996657908,-91.85863894163039,18.2545777,-92.0914799,7.701384372168623,84.2,66,5,8.05,1608760664,2020-12-23 21:57:44,Northern
"boddam, gb",boddam,gb,57.323031088421004,-0.3302724094091616,57.470373,-1.779524,10.180455951833741,35.6,93,75,5.82,1608760665,2020-12-23 21:57:45,Northern
"moita, pt",moita,pt,38.65604846222078,-8.976464016730802,38.6529133,-8.9900856,0.21662119452951756,55.4,93,90,8.05,1608760666,2020-12-23 21:57:46,Northern
"namibe, ao",namibe,ao,-15.564042567093594,8.306954210610144,-15.1978317,12.1575544,25.30300823150674,69.89,76,15,5.12,1608760667,2020-12-23 21:57:47,Southern
"chebsara, ru",chebsara,ru,58.99824272184,38.635670981051874,59.1976844,38.8286023,13.78024214365598,19.67,97,100,11.9,1608760668,2020-12-23 21:57:48,Northern
"papillion, us",papillion,us,41.12871239635638,-96.13523101850734,41.1544432,-96.0422378,1.7778465766595786,19.99,73,90,25.28,1608760461,2020-12-23 21:54:21,Northern
"kudahuvadhoo, mv",kudahuvadhoo,mv,2.0593524589690873,65.7004995296104,2.6707463,72.8943768,42.24370378485784,81.25,73,23,6.96,1608760670,2020-12-23 21:57:50,Northern
"santiago de las vegas, cu",santiago de las vegas,cu,23.28666469478766,-82.33370821888019,22.9702067,-82.38586719999999,21.86537857433881,78.8,65,40,9.17,1608760672,2020-12-23 21:57:52,Northern
"fangshan, cn",fangshan,cn,39.90966455540382,115.43014458546747,39.749144,116.143267,11.091022412698653,32.0,32,0,3.0,1608760673,2020-12-23 21:57:53,Northern
"port charlotte, us",port charlotte,us,27.144508522119295,-82.06923462211218,26.9761707,-82.09064479999999,11.631149377306226,73.99,53,40,10.29,1608760391,2020-12-23 21:53:11,Northern
"ouegoa, nc",ouegoa,nc,-19.624103087471227,164.64741794523115,-20.3469046,164.4320448,49.94131595932924,82.29,68,44,6.89,1608760676,2020-12-23 21:57:56,Southern
"natchez, us",natchez,us,31.798592094969095,-90.98260876005796,31.5604442,-91.40317100000001,16.454613142812818,66.2,82,90,9.17,1608760677,2020-12-23 21:57:57,Northern
"islamkot, pk",islamkot,pk,24.401285711604245,70.06438463288572,24.7013799,70.1783251,20.734736190295745,62.56,27,0,9.84,1608760678,2020-12-23 21:57:58,Northern
"coracora, pe",coracora,pe,-15.423920229973504,-73.35610237044448,-15.0163124,-73.7801447,28.16329389376175,52.02,78,99,7.87,1608760679,2020-12-23 21:57:59,Southern
"mizoch, ua",mizoch,ua,50.177087780155915,26.220148129362286,50.40349920000001,26.141892,15.643692022274887,36.0,98,3,2.95,1608760681,2020-12-23 21:58:01,Northern
"havelock, nz",havelock,nz,-40.84997344222175,173.5653661921366,-41.2818225,173.7672195,29.838219576751836,71.01,56,27,7.0,1608760682,2020-12-23 21:58:02,Southern
"karksi-nuia, ee",karksi-nuia,ee,57.958098326407594,25.487081221885433,58.10020849999999,25.5493386,9.81897375336488,37.99,96,98,1.99,1608760684,2020-12-23 21:58:04,Northern
"daru, pg",daru,pg,-8.718116173926873,143.04503775350014,-9.078195899999999,143.2099707,24.87938259488751,78.73,86,100,5.61,1608760685,2020-12-23 21:58:05,Southern
"kwinana, au",kwinana,au,-31.65638960120561,113.26579495413102,-32.23763510000001,115.8285153,40.160631379522144,82.99,20,0,14.99,1608760686,2020-12-23 21:58:06,Southern
"dubai, ae",dubai,ae,25.076176219827175,55.16306703102356,25.2048493,55.2707828,8.890549951796638,68.0,49,0,3.36,1608760622,2020-12-23 21:57:02,Northern
"semey, kz",semey,kz,49.70416209798964,79.13526303121768,50.4233463,80.250811,49.69138116479471,10.72,89,100,8.46,1608760690,2020-12-23 21:58:10,Northern
"cody, us",cody,us,44.325513667753256,-109.50875633766196,44.52634219999999,-109.0565308,13.876065570882337,32.0,71,1,5.82,1608760514,2020-12-23 21:55:14,Northern
"iquique, cl",iquique,cl,-20.88649081552758,-73.25198188397823,-20.2307033,-70.1356692,45.31104452253456,73.4,53,0,11.41,1608760424,2020-12-23 21:53:44,Southern
"hetauda, np",hetauda,np,27.41556429482044,85.23632686686767,27.4367653,85.0025539,1.464864253844068,41.0,93,20,2.24,1608760695,2020-12-23 21:58:15,Northern
"florencia, cr",florencia,cr,10.247190811158973,-84.54971021881902,10.4150486,-84.5012435,11.597981912649212,71.6,83,75,11.41,1608760696,2020-12-23 21:58:16,Northern
"north platte, us",north platte,us,41.26145439730527,-101.4640125803655,41.1402759,-100.7601454,8.372718535448108,24.8,58,1,29.97,1608760612,2020-12-23 21:56:52,Northern
"mariental, na",mariental,na,-25.288330147741902,18.32097995774214,-24.5997626,17.9413323,47.57595116370204,84.2,25,15,5.82,1608760698,2020-12-23 21:58:18,Southern
"jetpur, in",jetpur,in,21.724630263672722,70.82324406912173,21.7546665,70.6179777,2.0753265490571593,59.18,34,0,5.28,1608760699,2020-12-23 21:58:19,Northern
"quesnel, ca",quesnel,ca,52.66125462465939,-123.0922777631811,52.9817372,-122.4949058,22.143453323097127,28.4,58,90,17.22,1608760700,2020-12-23 21:58:20,Northern
"thai nguyen, vn",thai nguyen,vn,21.463637565394123,105.79523988328651,21.5671559,105.8252038,7.152505586282775,62.6,67,90,6.93,1608760701,2020-12-23 21:58:21,Northern
"nagahama, jp",nagahama,jp,35.47414738684468,136.30274595482734,35.3806116,136.2783094,6.4627704886384265,27.0,98,43,5.01,1608760702,2020-12-23 21:58:22,Northern
"bad schwalbach, de",bad schwalbach,de,50.08230602278206,8.073680703334958,50.1416283,8.0674608,4.0988190237775335,51.01,96,100,5.01,1608760703,2020-12-23 21:58:23,Northern
"san matias, bo",san matias,bo,-15.918970029725926,-58.86474764434833,-16.3753091,-58.4059227,31.530334812680536,77.22,89,100,1.68,1608760704,2020-12-23 21:58:24,Southern
"oum hadjer, td",oum hadjer,td,13.705740648539177,20.077744613128345,13.292049,19.6907146,28.583649828220686,75.51,19,0,7.23,1608760706,2020-12-23 21:58:26,Northern
"chabahar, ir",chabahar,ir,24.803731380217727,59.915544424884416,25.296878,60.6459285,34.07351911406142,59.0,58,0,6.93,1608760708,2020-12-23 21:58:28,Northern
"pailon, bo",pailon,bo,-17.772659140288027,-62.45372596678364,-17.658609,-62.7265099,7.880191162582198,91.4,52,40,12.75,1608760710,2020-12-23 21:58:30,Southern
"risor, no",risor,no,58.873470693455005,9.092398650516316,58.71937699999999,9.223167700000001,10.646964206332868,35.01,92,100,7.0,1608760711,2020-12-23 21:58:31,Northern
"baykit, ru",baykit,ru,61.38275714347347,95.88864502386394,61.6833669,96.38062029999999,20.77035890340761,-31.49,78,39,1.77,1608760712,2020-12-23 21:58:32,Northern
"bushehr, ir",bushehr,ir,28.828089153182205,50.92387705935266,28.9233837,50.820314,6.58429041629731,65.64,49,0,8.16,1608760713,2020-12-23 21:58:33,Northern
"henderson, us",henderson,us,36.279613016113714,-78.12119182912666,36.0395247,-114.9817213,16.58868478460855,52.0,14,1,20.8,1608760692,2020-12-23 21:58:12,Northern
"wenzhou, cn",wenzhou,cn,27.980783114908306,120.91499769122066,27.993828,120.699361,0.9013245223274807,55.0,79,97,4.52,1608760441,2020-12-23 21:54:01,Northern
"segou, ml",segou,ml,12.599526990936653,-6.578470668842641,13.4316597,-6.2482149,57.4954559766101,74.86,19,71,7.67,1608760716,2020-12-23 21:58:36,Northern
"simao, cn",simao,cn,23.14637782800078,101.33525977331215,22.78691,100.977164,24.837104051696492,46.83,89,0,1.45,1608760717,2020-12-23 21:58:37,Northern
"hongjiang, cn",hongjiang,cn,26.45102260901335,109.75378883955045,27.208609,109.836669,52.34474563616257,41.25,75,34,0.27,1608760718,2020-12-23 21:58:38,Northern
"maine-soroa, ne",maine-soroa,ne,13.340841551095039,11.935503253107726,13.2143917,12.0289902,8.736937951960998,72.64,21,78,7.99,1608760720,2020-12-23 21:58:40,Northern
"balyaga, ru",balyaga,ru,50.808991381435106,108.86658689123374,51.1490898,108.9418923,23.49879224711968,-3.6,89,93,2.66,1608760721,2020-12-23 21:58:41,Northern
"new plymouth, nz",new plymouth,nz,-39.05501006276748,173.9595085154637,-39.0611596,174.0630466,0.4248967062322093,60.01,90,59,8.99,1608760530,2020-12-23 21:55:30,Southern
"naryan-mar, ru",naryan-mar,ru,68.21502682324382,51.0122000315686,67.67100669999999,53.1078339,37.58857776611426,-22.76,82,25,7.27,1608760723,2020-12-23 21:58:43,Northern
"sayyan, ye",sayyan,ye,15.66333627132667,48.12604236785597,15.1733158,44.3307515,33.85752071747421,47.5,66,26,1.54,1608760724,2020-12-23 21:58:44,Northern
"carinhanha, br",carinhanha,br,-14.315961318125161,-44.215585258697644,-14.3024774,-43.76801,0.9316591121985485,77.95,65,2,3.2,1608760726,2020-12-23 21:58:46,Southern
"hefei, cn",hefei,cn,32.01018635394456,117.69020703000388,31.820591,117.227219,13.099919288546557,35.6,68,8,4.47,1608760727,2020-12-23 21:58:47,Northern
"cowra, au",cowra,au,-33.597967094770965,148.3703091843944,-33.8281444,148.6778504,15.903892462666288,72.0,63,7,5.99,1608760479,2020-12-23 21:54:39,Southern
"khorixas, na",khorixas,na,-20.311197423617187,14.11829208399675,-20.3720648,14.959329,4.205576251375772,69.17,57,19,7.54,1608760729,2020-12-23 21:58:49,Southern
"lovington, us",lovington,us,33.170621880462676,-102.93559390878148,32.9440077,-103.3485543,15.65770158360095,50.0,16,5,13.87,1608760489,2020-12-23 21:54:49,Northern
"pangai, to",pangai,to,-20.221161179570075,-172.24932523615726,-19.811431,-174.3502613,28.30993571719635,82.4,88,75,2.24,1608760731,2020-12-23 21:58:51,Southern
"elk city, us",elk city,us,35.6740056718283,-99.88411392976202,35.4119944,-99.4042592,18.103431556892033,42.8,35,1,40.26,1608760612,2020-12-23 21:56:52,Northern
"kambove, cd",kambove,cd,-10.881541919005116,25.87994407573487,-10.8778699,26.5963713,0.25371482788075395,62.85,99,100,4.52,1608760733,2020-12-23 21:58:53,Southern
"paray-le-monial, fr",paray-le-monial,fr,46.512812243746225,4.240685367487885,46.452222,4.120665,4.186428022814171,53.6,58,0,13.87,1608760734,2020-12-23 21:58:54,Northern
"bardsir, ir",bardsir,ir,29.63137480242257,56.494996154541724,29.9384731,56.5728597,21.21867877147806,33.8,50,0,4.7,1608760711,2020-12-23 21:58:31,Northern
"rossland, ca",rossland,ca,49.458861100334815,-118.15834864375779,49.0781415,-117.8000037,26.30547601610589,28.99,86,7,3.0,1608760736,2020-12-23 21:58:56,Northern
"isetskoye, ru",isetskoye,ru,56.656325370644424,65.20986950663249,56.4818964,65.3248576,12.052011768676218,19.87,97,98,9.17,1608760737,2020-12-23 21:58:57,Northern
"kargopol, ru",kargopol,ru,61.37264954473224,39.17682719290568,61.5054419,38.9470989,9.175167534180398,21.88,97,100,8.66,1608760738,2020-12-23 21:58:58,Northern
"thabazimbi, za",thabazimbi,za,-24.608528109511326,27.737927326491047,-24.5828411,27.4027743,1.7748206607470667,76.03,72,99,1.61,1608760739,2020-12-23 21:58:59,Southern
"batagay, ru",batagay,ru,67.69843217535293,136.58621642438413,67.66251299999999,134.65435,2.481802893610306,-47.25,74,78,0.83,1608760740,2020-12-23 21:59:00,Northern
"khoy, ir",khoy,ir,38.49070485804697,44.87114635841999,38.5534106,44.93966229999999,4.332596455677187,29.82,96,20,1.43,1608760742,2020-12-23 21:59:02,Northern
"monster, nl",monster,nl,52.86653043026379,3.309000481327473,52.02395449999999,4.1731144,58.21702088836656,50.0,86,47,8.01,1608760743,2020-12-23 21:59:03,Northern
"makat, kz",makat,kz,48.35213979676101,53.48624547843713,47.6441255,53.3301869,48.919606676744436,5.22,83,0,4.92,1608760744,2020-12-23 21:59:04,Northern
"empalme, mx",empalme,mx,28.28274685320551,-110.95033978504581,27.9664523,-110.8135688,21.854085726228153,80.01,46,40,12.75,1608760745,2020-12-23 21:59:05,Northern
"nakusp, ca",nakusp,ca,50.00372726526825,-118.37173393799483,50.2398537,-117.8011055,16.314942178290917,30.2,68,39,1.12,1608760746,2020-12-23 21:59:06,Northern
"kurumkan, ru",kurumkan,ru,54.65411381660505,110.33722784615588,54.3267321,110.3256457,22.620143241094134,-4.27,81,44,5.19,1608760747,2020-12-23 21:59:07,Northern
"kalaswala, pk",kalaswala,pk,32.18537738527503,74.75060376670265,32.199328,74.6502902,0.963905091135081,42.8,100,90,0.56,1608760748,2020-12-23 21:59:08,Northern
"korfovskiy, ru",korfovskiy,ru,48.2188319214512,134.83962012385643,48.2213943,135.0713979,0.1770452254110051,3.2,77,40,2.24,1608760749,2020-12-23 21:59:09,Northern
"tyukhtet, ru",tyukhtet,ru,56.508904050347525,89.21992754707969,56.532166,89.31674989999999,1.6072633458660834,5.72,95,100,4.92,1608760751,2020-12-23 21:59:11,Northern
"republic, us",republic,us,37.34369317436695,-93.73476829138583,37.09024,-95.712891,17.512117562773717,48.2,49,90,24.16,1608760752,2020-12-23 21:59:12,Northern
"hirara, jp",hirara,jp,24.714502331803388,126.3773464351508,24.8218333,125.3137005,7.415936051620181,71.6,94,75,13.87,1608760754,2020-12-23 21:59:14,Northern
"svodna, ba",svodna,ba,45.038620908445125,16.467869207765773,45.03851210000001,16.5342853,0.007518020981216723,42.8,87,0,4.7,1608760755,2020-12-23 21:59:15,Northern
"goryachegorsk, ru",goryachegorsk,ru,55.15698954964162,88.93915221340853,55.4060139,88.9077624,17.20611197852096,10.04,94,100,10.83,1608760756,2020-12-23 21:59:16,Northern
"kazlu ruda, lt",kazlu ruda,lt,54.70054935187807,23.466101248062415,54.748395,23.4910539,3.3058517293037504,39.2,80,90,4.7,1608760757,2020-12-23 21:59:17,Northern
"maiduguri, ng",maiduguri,ng,12.430952410703384,12.957569902956465,11.8310981,13.1509672,41.44639038675343,72.52,22,43,7.36,1608760758,2020-12-23 21:59:18,Northern
"koson, uz",koson,uz,38.291971259786436,66.064141771598,39.0427392,65.5826679,51.8736309545945,30.2,92,0,4.7,1608760759,2020-12-23 21:59:19,Northern
"santa cruz del sur, cu",santa cruz del sur,cu,20.663477864878587,-78.86739571049259,20.7156807,-77.9938497,3.606907619285855,80.58,73,13,6.22,1608760760,2020-12-23 21:59:20,Northern
"tukrah, ly",tukrah,ly,33.27437769958833,19.647457902783998,32.5326308,20.5870955,51.25033032179623,61.75,65,98,5.48,1608760761,2020-12-23 21:59:21,Northern
"luwuk, id",luwuk,id,-1.0412225957870334,123.47095763663208,-0.938828,122.792801,7.074861870221214,77.43,79,100,4.05,1608760586,2020-12-23 21:56:26,Southern
"altagracia de orituco, ve",altagracia de orituco,ve,9.644276508981903,-66.18360361513129,9.8563254,-66.3735841,14.651326099346695,75.18,78,70,6.71,1608760763,2020-12-23 21:59:23,Northern
"humberto de campos, br",humberto de campos,br,-1.776511433859227,-43.131109129771374,-2.6052556,-43.463896,57.26132767194452,78.6,83,100,6.58,1608760542,2020-12-23 21:55:42,Southern
"maraba, br",maraba,br,-5.9172572766973275,-49.70094544474034,-5.5927124,-50.1832516,22.42413435663306,82.4,88,75,2.24,1608760617,2020-12-23 21:56:57,Southern
"coxim, br",coxim,br,-18.200699302146603,-53.89121227289735,-18.5029929,-54.7492312,20.886702395047674,88.5,55,69,2.98,1608760766,2020-12-23 21:59:26,Southern
"tsuyama, jp",tsuyama,jp,35.00365795486623,133.99541842037524,35.0691643,134.0045802,4.5261015963025875,44.6,56,75,11.41,1608760769,2020-12-23 21:59:29,Northern
"piranshahr, ir",piranshahr,ir,36.41020668086213,45.39696133012842,36.6950261,45.1445695,19.679339840826326,32.85,92,84,6.98,1608760770,2020-12-23 21:59:30,Northern
"nabire, id",nabire,id,-3.8550256497735944,135.70687925113532,-3.3722254,135.5016253,33.358646047695316,76.71,86,100,3.71,1608760511,2020-12-23 21:55:11,Southern
"chaves, pt",chaves,pt,41.794235687858446,-7.294181642960126,41.7410586,-7.470604599999999,3.6742227298946797,39.99,99,87,4.0,1608760772,2020-12-23 21:59:32,Northern
"ninh binh, vn",ninh binh,vn,20.022218918574595,105.91882855616967,20.2506149,105.9744536,15.780813507571459,62.83,69,94,5.01,1608760773,2020-12-23 21:59:33,Northern
"terrace bay, ca",terrace bay,ca,48.35235091131315,-86.86401664804774,48.783999,-87.0966258,29.824333799373914,28.4,85,90,18.34,1608760774,2020-12-23 21:59:34,Northern
"camargo, mx",camargo,mx,27.7340390610959,-104.18763011177269,27.6763786,-105.166953,3.9839973437194574,76.44,15,36,16.04,1608760775,2020-12-23 21:59:35,Northern
"palu, id",palu,id,-0.8804312045698452,119.40089381227949,-0.8679099,119.9046594,0.8651482003100245,75.38,76,100,2.33,1608760776,2020-12-23 21:59:36,Southern
"kadiri, in",kadiri,in,13.999079584659626,77.99256134621453,14.1137566,78.1610702,7.92350452664356,61.99,86,8,3.53,1608760777,2020-12-23 21:59:37,Northern
"axams, at",axams,at,47.200199244082626,11.241136708905884,47.2303585,11.279549,2.0838264762318994,39.99,93,40,4.7,1608760778,2020-12-23 21:59:38,Northern
"tuchola, pl",tuchola,pl,53.44408511780452,17.864240241373068,53.58761999999999,17.85955,9.91741270411891,39.99,94,100,11.01,1608760779,2020-12-23 21:59:39,Northern
"zabaykalsk, ru",zabaykalsk,ru,48.9653455538282,117.00428171336574,49.655976,117.3248846,47.71848526261246,-2.85,86,57,5.95,1608760780,2020-12-23 21:59:40,Northern
"maues, br",maues,br,-3.8373876027343243,-57.19123270152694,-3.3932592,-57.7072186,30.68664979666065,83.48,67,98,0.92,1608760667,2020-12-23 21:57:47,Southern
"antofagasta, cl",antofagasta,cl,-23.305703642755574,-72.3058538227022,-23.6509279,-70.39750219999999,23.852957428865786,68.0,68,20,12.75,1608760783,2020-12-23 21:59:43,Southern
"kraljevo, rs",kraljevo,rs,43.77181760515754,20.818647608961044,43.7238483,20.6872542,3.314395700198076,35.6,100,63,1.12,1608760784,2020-12-23 21:59:44,Northern
"tiszalok, hu",tiszalok,hu,48.01969877430727,21.42744048431223,48.0159357,21.376707,0.26000621152617825,46.4,100,100,9.17,1608760785,2020-12-23 21:59:45,Northern
"kalaleh, ir",kalaleh,ir,37.88673836850204,55.6785210815691,37.3833017,55.5025595,34.78450071197295,41.0,93,0,4.7,1608760786,2020-12-23 21:59:46,Northern
"nova olinda do norte, br",nova olinda do norte,br,-3.982280481700613,-58.762033843533686,-3.8924201,-59.0918517,6.20882169855395,83.12,67,78,2.21,1608760787,2020-12-23 21:59:47,Southern
"banting, my",banting,my,2.7350781305336938,101.13647133295382,2.8118654,101.4969859,5.305546847369529,78.8,94,20,2.24,1608760788,2020-12-23 21:59:48,Northern
"port hawkesbury, ca",port hawkesbury,ca,44.91862317509222,-61.58121980576962,45.6276473,-61.3585543,48.989379838073596,28.0,73,90,13.87,1608760789,2020-12-23 21:59:49,Northern
"san jeronimito, mx",san jeronimito,mx,17.133289459197144,-101.56392915730247,17.5648404,-101.3455616,29.817621454303932,87.8,66,20,5.82,1608760790,2020-12-23 21:59:50,Northern
"pucallpa, pe",pucallpa,pe,-8.024257251632548,-74.68392718695407,-8.3928622,-74.5826166,25.468425109110967,73.4,94,90,5.82,1608760791,2020-12-23 21:59:51,Southern
"joshimath, in",joshimath,in,31.00048157782105,79.96826547136413,30.5505524,79.56596329999999,31.08744909825818,37.29,45,0,7.31,1608760793,2020-12-23 21:59:53,Northern
"kankon, in",kankon,in,14.71208491599026,73.68900043067856,14.9976384,74.04113389999999,19.73005938839935,73.4,83,20,5.82,1608760794,2020-12-23 21:59:54,Northern
"buriti bravo, br",buriti bravo,br,-5.994328804693907,-43.77100097109175,-5.8372594,-43.8302476,10.852568279662986,74.35,92,100,1.77,1608760796,2020-12-23 21:59:56,Southern
"singapore, sg",singapore,sg,0.9971038901719993,103.55568615158069,1.352083,103.819836,24.526960134406043,78.8,88,75,3.36,1608760679,2020-12-23 21:57:59,Northern
"oulainen, fi",oulainen,fi,64.33980040948126,24.78010260341435,64.26761560000001,24.8159482,4.987544042560111,28.0,96,100,4.0,1608760800,2020-12-23 22:00:00,Northern
"santa maria, us",santa maria,us,34.91814051093243,-120.41769357675874,34.9530337,-120.4357191,2.4109133003271475,66.99,42,75,9.17,1608760802,2020-12-23 22:00:02,Northern
"ranot, th",ranot,th,8.016955644638074,100.99472808206383,7.7896079,100.3048897,15.708386536004888,76.87,86,100,9.35,1608760804,2020-12-23 22:00:04,Northern
"melfort, ca",melfort,ca,52.536079560014514,-104.53426938095164,52.8608387,-104.6142973,22.438938684497508,3.2,84,0,3.36,1608760806,2020-12-23 22:00:06,Northern
"great yarmouth, gb",great yarmouth,gb,53.2280539603976,2.533492443201027,52.598233,1.728047,43.51690891041492,48.0,100,100,25.28,1608760808,2020-12-23 22:00:08,Northern
"hokitika, nz",hokitika,nz,-42.09154311344958,168.57866832192678,-42.7156909,170.9683049,43.12492610091165,61.77,90,94,6.44,1608760809,2020-12-23 22:00:09,Southern
"kondinskoye, ru",kondinskoye,ru,60.41760494401146,67.53098624005969,59.6503793,67.4082344,53.01076109487439,-3.96,91,94,7.49,1608760811,2020-12-23 22:00:11,Northern
"baijiantan, cn",baijiantan,cn,46.49935058820682,85.61118183703746,45.68785399999999,85.131696,56.06962189352347,7.61,90,0,0.89,1608760816,2020-12-23 22:00:16,Northern
"alberton, za",alberton,za,-26.416766817370096,28.0562812961887,-26.3223942,28.1239717,6.520590535982053,66.0,82,97,6.13,1608760818,2020-12-23 22:00:18,Southern
"calvinia, za",calvinia,za,-32.02871315507932,21.074464750631677,-31.4832188,19.7829791,37.69043847976532,54.14,89,3,4.85,1608760820,2020-12-23 22:00:20,Southern
"batsfjord, no",batsfjord,no,70.83696033425113,29.98955897142298,70.6345012,29.7178451,13.988730539748714,35.6,94,75,27.51,1608760821,2020-12-23 22:00:21,Northern
"shenzhen, cn",shenzhen,cn,21.85306137273689,114.13193348116425,22.543096,114.057865,47.67731769467362,64.99,89,4,4.32,1608760804,2020-12-23 22:00:04,Northern
"kemi, fi",kemi,fi,65.3155803998018,24.519292581561416,65.73556789999999,24.5657426,29.018655997252875,32.0,99,90,5.82,1608760823,2020-12-23 22:00:23,Northern
"qabaqcol, az",qabaqcol,az,41.44969617106281,46.26235579419841,41.7105857,46.26809650000001,18.02592574765009,33.8,100,90,2.24,1608760825,2020-12-23 22:00:25,Northern
"mandan, us",mandan,us,47.36833527482841,-101.12805089643079,46.8266603,-100.8895761,37.426541860052346,12.2,85,90,23.04,1608760759,2020-12-23 21:59:19,Northern
"kushiro, jp",kushiro,jp,42.753417987850014,144.3398838775392,42.9849413,144.3818041,15.996893591963415,34.52,88,100,2.42,1608760827,2020-12-23 22:00:27,Northern
"carazinho, br",carazinho,br,-28.111424326178003,-52.798095162154965,-28.2963334,-52.793776,12.776125007242413,84.2,39,0,6.93,1608760828,2020-12-23 22:00:28,Southern
"burgeo, ca",burgeo,ca,47.97313398477334,-57.272716402362136,47.613413,-57.610491,24.854595689645066,28.38,91,38,19.06,1608760829,2020-12-23 22:00:29,Northern
"jishou, cn",jishou,cn,28.59948523081856,109.46427202611346,28.262375,109.698015,23.29232612080618,41.36,70,31,1.32,1608760830,2020-12-23 22:00:30,Northern
"havre, us",havre,us,48.275905748256406,-108.70419091411419,48.549999,-109.6840887,18.93822501803595,30.2,63,1,20.8,1608760831,2020-12-23 22:00:31,Northern
"baley, ru",baley,ru,51.69886659725282,116.59121123420124,51.57745560000001,116.648467,8.388782908777271,-6.23,90,100,4.34,1608760832,2020-12-23 22:00:32,Northern
"vozhega, ru",vozhega,ru,60.31320445664534,40.078389365309164,60.47353479999999,40.2132392,11.0778798834123,24.12,98,100,9.33,1608760834,2020-12-23 22:00:34,Northern
"koungou, yt",koungou,yt,-12.61041338005397,45.275512281332425,-12.7368055,45.2067905,8.732949070499926,82.4,74,40,10.29,1608760835,2020-12-23 22:00:35,Southern
"sorkjosen, no",sorkjosen,no,69.61403754877344,21.360277759062285,69.79218949999999,20.9411731,12.30924774057087,31.3,92,100,10.8,1608760836,2020-12-23 22:00:36,Northern
"pagudpud, ph",pagudpud,ph,18.600994281031603,120.76028623370905,18.5874677,120.8220827,0.93460686708484,73.4,100,20,2.24,1608760837,2020-12-23 22:00:37,Northern
"viet tri, vn",viet tri,vn,21.32709980645008,105.12621660098807,21.3570099,105.352633,2.0666108280872915,62.6,67,90,6.93,1608760781,2020-12-23 21:59:41,Northern
"amberieu-en-bugey, fr",amberieu-en-bugey,fr,45.875033354238695,5.279341088507238,45.95843600000001,5.359556,5.7626302817734425,55.4,87,100,21.92,1608760839,2020-12-23 22:00:39,Northern
"nesbyen, no",nesbyen,no,60.08870621701385,9.034834696858013,60.5680861,9.1027428,33.12231890190512,25.0,88,99,3.36,1608760781,2020-12-23 21:59:41,Northern
"krasnaya gora, ru",krasnaya gora,ru,53.43736662133071,31.46154741511978,52.9960953,31.6016515,30.48924234437076,30.2,100,90,11.18,1608760841,2020-12-23 22:00:41,Northern
"banyo, cm",banyo,cm,6.926949700805494,11.70892959655194,6.7496639,11.8036596,12.24940186158981,66.78,37,6,2.93,1608760842,2020-12-23 22:00:42,Northern
"pyapon, mm",pyapon,mm,16.08786129951207,95.96713161736892,16.2850333,95.67998159999999,13.623420820260927,64.94,72,1,5.66,1608760844,2020-12-23 22:00:44,Northern
"reitz, za",reitz,za,-27.558735460158516,28.647673275721672,-27.8009575,28.4318311,16.73611249333833,62.04,69,41,5.32,1608760845,2020-12-23 22:00:45,Southern
"puerto quijarro, bo",puerto quijarro,bo,-16.936026760892616,-57.761983110480855,-17.80257,-57.77616099999999,59.873020388788376,80.33,84,100,1.52,1608760846,2020-12-23 22:00:46,Southern
"rushden, gb",rushden,gb,52.29060938835423,-0.6237798754148969,52.289125,-0.600363,0.10256246911477042,44.01,95,100,15.01,1608760847,2020-12-23 22:00:47,Northern
"moyale, et",moyale,et,4.136733363200662,39.71456954983324,3.5399846,39.0528407,41.23181539434985,68.94,54,58,4.16,1608760848,2020-12-23 22:00:48,Northern
"kajaani, fi",kajaani,fi,63.98190666053205,28.600158401016216,64.2221775,27.7278497,16.601296070481943,28.4,92,75,8.05,1608760849,2020-12-23 22:00:49,Northern
"heihe, cn",heihe,cn,50.10107272209507,126.4004134322887,50.245129,127.528293,9.953438068502253,-11.2,83,0,2.24,1608760850,2020-12-23 22:00:50,Northern
"lavumisa, sz",lavumisa,sz,-27.909971836592042,32.79070509195432,-27.3102566,31.8875679,41.43678118697183,72.55,92,100,2.53,1608760851,2020-12-23 22:00:51,Southern
"libertador general san martin, ar",libertador general san martin,ar,-23.86960583855908,-64.87600356867227,-23.8153322,-64.7928261,3.749987907549558,97.0,36,86,4.0,1608760852,2020-12-23 22:00:52,Southern
"ponta do sol, pt",ponta do sol,pt,31.92964118256168,-21.653284677791987,32.6854883,-17.0864266,52.22457210537856,68.0,68,75,5.82,1608760853,2020-12-23 22:00:53,Northern
"kaduqli, sd",kaduqli,sd,11.485580956142954,29.840148288149436,11.0105443,29.7136456,32.82222757627958,76.69,28,4,8.03,1608760855,2020-12-23 22:00:55,Northern
"tungor, ru",tungor,ru,52.97248417863648,143.39893693459544,53.3914918,142.9582995,28.95095215652259,-17.34,87,0,7.11,1608760856,2020-12-23 22:00:56,Northern
"kahului, us",kahului,us,21.503866094373677,-155.58732483721076,20.8893351,-156.4729469,42.46046255415786,82.4,54,40,9.17,1608760808,2020-12-23 22:00:08,Northern
"chokwe, mz",chokwe,mz,-24.76742500027771,32.4756088118566,-24.5323166,32.9831998,16.244602009592718,79.84,91,100,9.15,1608760859,2020-12-23 22:00:59,Southern
"kamiiso, jp",kamiiso,jp,42.03056039359842,138.52569203736738,41.73471259999999,140.4453796,20.441335387191266,40.41,85,100,9.53,1608760860,2020-12-23 22:01:00,Northern
"minas, uy",minas,uy,-34.3012094661743,-55.52768504420287,-34.3643905,-55.2590707,4.365436317208488,84.2,35,20,13.87,1608760861,2020-12-23 22:01:01,Southern
"mangochi, mw",mangochi,mw,-14.349234501441117,35.42910573526282,-14.4861733,35.253304,9.461662278477617,76.41,76,68,1.32,1608760863,2020-12-23 22:01:03,Southern
"synya, ru",synya,ru,65.70882284346604,58.178313866866375,65.14999999999999,57.21666699999999,38.61135831493914,-29.06,84,16,5.77,1608760864,2020-12-23 22:01:04,Northern
"gambela, et",gambela,et,7.787860994027852,33.74181175343668,8.2471899,34.5915966,31.736914802727274,79.54,56,68,2.33,1608760865,2020-12-23 22:01:05,Northern
"inongo, cd",inongo,cd,-1.2183178304647129,19.33415344422812,-1.9296172,18.291137,49.14658580521351,71.98,87,93,2.21,1608760866,2020-12-23 22:01:06,Southern
"farafenni, gm",farafenni,gm,13.42543109983697,-15.670673561225243,13.5722578,-15.6002024,10.144857885608728,76.86,19,100,5.12,1608760867,2020-12-23 22:01:07,Northern
"poyarkovo, ru",poyarkovo,ru,49.2717263952799,128.6597592650711,49.631987,128.655113,24.891880241201687,-14.03,87,0,5.88,1608760868,2020-12-23 22:01:08,Northern
"san pedro de macoris, do",san pedro de macoris,do,17.85801148884194,-69.22208094863484,18.46266,-69.3051234,41.77764132567535,84.2,66,75,4.7,1608760572,2020-12-23 21:56:12,Northern
"presidente medici, br",presidente medici,br,-11.084956741130696,-61.90504990881,-11.1690838,-61.9015332,5.812682949461374,78.98,82,88,1.83,1608760870,2020-12-23 22:01:10,Southern
"mason city, us",mason city,us,43.073452285789216,-93.08870492964519,43.1535728,-93.20103669999999,5.535854374495851,24.01,78,90,26.4,1608760872,2020-12-23 22:01:12,Northern
"nakhon thai, th",nakhon thai,th,17.36401483733661,100.91766004034491,17.0901878,100.8903099,18.919831174662082,63.32,68,90,2.73,1608760875,2020-12-23 22:01:15,Northern
"semnan, ir",semnan,ir,34.83301662217282,54.40862555554301,35.578797,53.37981079999999,51.52901984810439,38.55,75,43,5.08,1608760876,2020-12-23 22:01:16,Northern
"magugu, tz",magugu,tz,-3.6869877273895924,35.832244050875204,-4.029076,35.7713624,23.63627941043835,68.34,66,69,1.5,1608760877,2020-12-23 22:01:17,Southern
"novobirilyussy, ru",novobirilyussy,ru,57.13522831652813,90.39107145779667,56.9586226,90.6849872,12.202412054310749,1.96,94,100,3.91,1608760878,2020-12-23 22:01:18,Northern
"deniliquin, au",deniliquin,au,-35.38339972669601,145.72042352581855,-35.5282408,144.9565781,10.007662795911394,64.0,60,0,1.01,1608760879,2020-12-23 22:01:19,Southern
"hrubieszow, pl",hrubieszow,pl,51.098464400771974,23.840471467264763,50.80518,23.8909099,20.26422008118383,36.52,94,88,5.26,1608760880,2020-12-23 22:01:20,Northern
"vilhena, br",vilhena,br,-12.049225454964017,-58.978639903290315,-12.7414031,-60.1304566,47.8253875670333,77.0,88,75,6.93,1608760881,2020-12-23 22:01:21,Southern
"bazaliya, ua",bazaliya,ua,49.7106364266121,26.63615912279886,49.7121717,26.4679263,0.1060783244362174,31.06,97,24,3.53,1608760882,2020-12-23 22:01:22,Northern
"lafiagi, ng",lafiagi,ng,8.803870787422483,5.310506918133086,8.8525279,5.4044268,3.361919131022429,81.81,27,0,1.72,1608760883,2020-12-23 22:01:23,Northern
"manamadurai, in",manamadurai,in,9.736656488367146,78.45634599730357,9.6889977,78.4581434,3.2929408237614104,75.2,88,40,5.82,1608760884,2020-12-23 22:01:24,Northern
"laukaa, fi",laukaa,fi,62.33979579963702,26.194310388565754,62.4126765,25.94983,5.035625992856192,32.0,100,90,4.7,1608760885,2020-12-23 22:01:25,Northern
"baiyin, cn",baiyin,cn,35.896986091037576,104.85707477115557,36.545015,104.138586,44.77497062789186,19.0,50,0,4.47,1608760888,2020-12-23 22:01:28,Northern
"irbeyskoye, ru",irbeyskoye,ru,55.51672076376053,95.37441215788272,55.6389229,95.4561509,8.443445940626932,-0.22,92,100,4.16,1608760889,2020-12-23 22:01:29,Northern
"villa corzo, mx",villa corzo,mx,15.981977228669663,-93.29024707431002,16.1853857,-93.2681856,14.054324125543676,91.4,38,20,0.6,1608760890,2020-12-23 22:01:30,Northern
"tottori, jp",tottori,jp,36.20838475699723,134.09451472832865,35.5011082,134.2351011,48.868633215843246,44.6,56,75,11.41,1608760891,2020-12-23 22:01:31,Northern
"kaputa, zm",kaputa,zm,-8.281019228083494,29.908908210982986,-8.4765613,29.6586083,13.51080238163637,68.47,86,4,4.09,1608760892,2020-12-23 22:01:32,Southern
"saint-paul-les-dax, fr",saint-paul-les-dax,fr,43.89860829610083,-0.94542008154923,43.724934,-1.051409,11.999868214499275,51.01,93,100,10.29,1608760893,2020-12-23 22:01:33,Northern
"majene, id",majene,id,-2.7514791050997474,117.95207766977143,-3.0297251,118.9062794,19.22515504583736,76.82,90,79,11.23,1608760894,2020-12-23 22:01:34,Southern
"ipixuna, br",ipixuna,br,-7.851294460685324,-71.77486057261846,-7.0482812,-71.6939881,55.48347406068899,77.0,94,75,4.7,1608760895,2020-12-23 22:01:35,Southern
"olenino, ru",olenino,ru,56.10032321060834,33.22989447986819,56.2076825,33.4851424,7.4178928789453,22.21,98,99,7.72,1608760896,2020-12-23 22:01:36,Northern
"guantanamo, cu",guantanamo,cu,19.851762588675157,-75.30216814481243,19.9030921,-75.0966509,3.546566102419204,84.2,58,40,11.41,1608760897,2020-12-23 22:01:37,Northern
"kaya, bf",kaya,bf,13.145269161051075,-1.0161066796590603,13.0910405,-1.0873551,3.7468802273643624,74.26,20,22,7.92,1608760898,2020-12-23 22:01:38,Northern
"san lorenzo, ec",san lorenzo,ec,1.2639765667944687,-78.83894747745131,1.2694769,-78.84392679999999,0.38004054188817415,79.02,81,78,9.62,1608760900,2020-12-23 22:01:40,Northern
"helena, us",helena,us,46.72708662190908,-111.99417017228095,46.5891452,-112.0391057,9.530937630912442,33.01,54,17,11.01,1608760901,2020-12-23 22:01:41,Northern
"kindersley, ca",kindersley,ca,51.20230608794364,-109.96672548932956,51.4675266,-109.1546825,18.325171104251787,6.8,77,75,11.41,1608760629,2020-12-23 21:57:09,Northern
"malyye derbety, ru",malyye derbety,ru,47.86726634884735,44.626497549980485,47.950428,44.6755603,5.74597897752565,14.34,95,30,4.59,1608760903,2020-12-23 22:01:43,Northern
"novouzensk, ru",novouzensk,ru,50.55779365398351,47.853037604271606,50.4631851,48.1347694,6.53689236262847,5.45,94,58,1.61,1608760904,2020-12-23 22:01:44,Northern
"peleduy, ru",peleduy,ru,60.38925600906066,113.4368373866559,59.64244499999999,112.722862,51.60023037987134,-4.85,90,100,2.21,1608760905,2020-12-23 22:01:45,Northern
"garowe, so",garowe,so,7.573530621161439,48.666729332319534,8.4084158,48.4837239,57.68563538316881,68.81,62,0,14.12,1608760906,2020-12-23 22:01:46,Northern
"lora del rio, es",lora del rio,es,37.59959618425452,-5.482454124175092,37.6556349,-5.52761,3.87194431733962,57.0,93,20,3.36,1608760907,2020-12-23 22:01:47,Northern
"beinamar, td",beinamar,td,8.241829370656205,15.05684197425984,8.6657803,15.3804526,29.292505544897985,75.11,26,67,4.05,1608760908,2020-12-23 22:01:48,Northern
"minnedosa, ca",minnedosa,ca,50.60227996527868,-99.70305742786461,50.2470383,-99.83864899999999,24.545101165507827,-2.2,53,5,13.87,1608760909,2020-12-23 22:01:49,Northern
"teknaf, bd",teknaf,bd,21.315918791005515,91.96730530306064,21.0556654,92.2039933,17.981972373329832,61.74,81,1,4.18,1608760910,2020-12-23 22:01:50,Northern
"danilovka, ru",danilovka,ru,50.01621836880702,44.09893776467513,50.3604767,44.1175046,23.786217643056826,11.91,96,93,3.87,1608760911,2020-12-23 22:01:51,Northern
"barra patuca, hn",barra patuca,hn,15.89512895847409,-83.86588507234771,15.8043324,-84.2989707,6.273505984941719,80.31,76,0,9.42,1608760913,2020-12-23 22:01:53,Northern
"almeirim, br",almeirim,br,-1.6806612905758698,-52.70758218191857,-1.5239527,-52.57857130000001,10.827638154920344,84.47,56,74,3.04,1608760914,2020-12-23 22:01:54,Southern
"ferkessedougou, ci",ferkessedougou,ci,9.116110120952044,-4.7872857401743545,9.584201199999999,-5.1953554,32.342329216621174,76.62,21,7,1.95,1608760915,2020-12-23 22:01:55,Northern
"phalombe, mw",phalombe,mw,-16.42322550571909,36.68931060667941,-15.7633303,35.6587503,45.59486165650727,72.32,81,69,1.7,1608760916,2020-12-23 22:01:56,Southern
"hailey, us",hailey,us,43.75659079131225,-114.79234013726155,43.51962880000001,-114.3153245,16.372674203563353,24.8,49,5,9.17,1608760917,2020-12-23 22:01:57,Northern
"betare oya, cm",betare oya,cm,5.916923961363054,13.422992425932648,5.5889058,14.089247,22.664117815301903,75.56,30,60,4.03,1608760918,2020-12-23 22:01:58,Northern
"turbat, pk",turbat,pk,26.812983326819122,63.02042972014394,26.0080546,63.03830589999999,55.615821458611144,58.21,33,0,11.07,1608760919,2020-12-23 22:01:59,Northern
"onguday, ru",onguday,ru,50.90417768448194,86.8521803494155,50.7496322,86.1337616,10.678180298208234,15.96,87,100,3.09,1608760920,2020-12-23 22:02:00,Northern
"yarovoye, ru",yarovoye,ru,52.69649613694759,78.18859269401531,52.9322752,78.57311299999999,16.290940846677124,12.24,95,100,13.6,1608760921,2020-12-23 22:02:01,Northern
"zemio, cf",zemio,cf,5.82060330172699,24.9980572905676,5.0308931,25.1325897,54.56431124884129,81.48,36,88,2.51,1608760922,2020-12-23 22:02:02,Northern
"mto wa mbu, tz",mto wa mbu,tz,-2.9679289199209506,36.035103738797574,-3.3730579,35.8525338,27.992020005081546,70.56,68,60,4.79,1608760923,2020-12-23 22:02:03,Southern
"mamou, gn",mamou,gn,10.40267266221727,-11.86856898025843,10.3785237,-12.0832543,1.6685506757771125,71.73,27,87,1.88,1608760925,2020-12-23 22:02:05,Northern
"dioknisi, ge",dioknisi,ge,41.73949280586356,42.38543968071522,41.631154,42.3915567,7.485571682548554,42.8,100,90,2.24,1608760926,2020-12-23 22:02:06,Northern
"alta floresta, br",alta floresta,br,-10.597064306874287,-58.25117345182399,-9.8672231,-56.0870033,50.42771726518214,86.0,66,40,8.05,1608760928,2020-12-23 22:02:08,Southern
"port lavaca, us",port lavaca,us,28.48472840164611,-96.18208455547335,28.6149968,-96.6260892,9.000777016841747,78.8,69,90,9.17,1608760929,2020-12-23 22:02:09,Northern
"saryg-sep, ru",saryg-sep,ru,51.35269716030538,95.67266528992451,51.490097,95.552472,9.493517498245119,3.92,93,100,2.08,1608760930,2020-12-23 22:02:10,Northern
"kindu, cd",kindu,cd,-3.5236849984101326,25.858339875381063,-2.9492205,25.9231471,39.69210429865551,69.64,93,99,2.06,1608760931,2020-12-23 22:02:11,Southern
"sao sebastiao, br",sao sebastiao,br,-24.40401779253895,-45.4681989573005,-23.8063468,-45.4016534,41.29553599533369,72.55,85,99,7.94,1608760932,2020-12-23 22:02:12,Southern
"orange walk, bz",orange walk,bz,17.689807216373723,-88.52265830592316,18.0842472,-88.5710266,27.25347347483355,84.2,74,40,8.05,1608760934,2020-12-23 22:02:14,Northern
"weyburn, ca",weyburn,ca,49.61371613266485,-103.6968450765676,49.6632836,-103.8532906,3.4248192686095527,6.8,77,100,2.24,1608760919,2020-12-23 22:01:59,Northern
"arinos, br",arinos,br,-15.58836497414363,-45.59623592183863,-15.9118937,-46.1039976,22.353924334474872,74.19,86,87,0.72,1608760936,2020-12-23 22:02:16,Southern
"kapfenberg, at",kapfenberg,at,47.59706278934328,15.260827292951205,47.44332929999999,15.2791914,10.622076229423914,43.0,71,100,1.12,1608760937,2020-12-23 22:02:17,Northern
"nampula, mz",nampula,mz,-14.969411781502743,37.9261965228867,-15.1266347,39.2687161,10.86317517688764,78.8,74,0,11.41,1608760938,2020-12-23 22:02:18,Southern
"kavaratti, in",kavaratti,in,10.696084200749738,71.05590819284177,10.5593204,72.63581340000002,9.449570963327863,81.68,77,60,10.0,1608760941,2020-12-23 22:02:21,Northern
"seredeyskiy, ru",seredeyskiy,ru,54.11983554656945,35.16103405433995,54.0522192,35.2333196,4.6718902347421665,18.91,97,100,9.78,1608760942,2020-12-23 22:02:22,Northern
"uige, ao",uige,ao,-7.429516695739835,14.64766957109552,-7.173673200000001,15.4068079,17.677274653425272,67.78,95,85,1.48,1608760943,2020-12-23 22:02:23,Southern
"madras, in",madras,in,12.219343881397052,83.13508511560082,13.0826802,80.2707184,59.65144112063213,71.6,88,20,5.37,1608760944,2020-12-23 22:02:24,Northern
"masuda, jp",masuda,jp,34.679501574701646,131.6022852899896,34.674846,131.842886,0.32167271805208014,44.6,65,90,5.82,1608760946,2020-12-23 22:02:26,Northern
"santa barbara, mx",santa barbara,mx,27.408140462644752,-106.3344033195702,26.8015438,-105.8200578,41.91224708845658,66.27,23,81,17.85,1608760947,2020-12-23 22:02:27,Northern
"strezhevoy, ru",strezhevoy,ru,60.75637345143153,79.55367767907956,60.72360759999999,77.5809306,2.2639268328230027,-18.4,75,100,11.18,1608760948,2020-12-23 22:02:28,Northern
"armidale, au",armidale,au,-30.961473246416126,152.02460858859763,-30.5015616,151.6661993,31.777178725990417,55.99,79,100,1.99,1608760913,2020-12-23 22:01:53,Southern
"maltahohe, na",maltahohe,na,-24.728507984377615,16.887293986425448,-24.8380587,16.9801346,7.569307489862681,77.31,18,12,10.6,1608760950,2020-12-23 22:02:30,Southern
"tansen, np",tansen,np,27.81917476174857,83.30929452865632,28.5469663,-81.3793527,50.28609726780848,44.94,82,63,3.27,1608760951,2020-12-23 22:02:31,Northern
"shubarshi, kz",shubarshi,kz,47.93452214109067,57.43087695693245,48.5827715,57.1849343,44.79020241734042,2.48,86,87,4.83,1608760954,2020-12-23 22:02:34,Northern
"lacey, us",lacey,us,46.91270106308312,-122.82400847816098,47.0358969,-122.8232553,8.512104789065212,41.0,80,1,8.05,1608760655,2020-12-23 21:57:35,Northern
"erenhot, cn",erenhot,cn,43.824587160157336,114.70087926748624,43.653169,111.977943,11.84398254457685,0.59,87,0,12.24,1608760956,2020-12-23 22:02:36,Northern
"mushie, cd",mushie,cd,-3.859110213521035,16.663832031566187,-3.0166752,16.9181532,58.20728437363499,73.17,88,94,2.37,1608760754,2020-12-23 21:59:14,Southern
"inirida, co",inirida,co,4.403468533123245,-67.28631873534871,3.8702044,-67.92433609999999,36.84540236905725,78.69,93,61,3.87,1608760958,2020-12-23 22:02:38,Northern
"nalbari, in",nalbari,in,26.622927224061783,91.36041293064415,26.4446185,91.4410527,12.32007981765227,57.49,63,54,4.9,1608760959,2020-12-23 22:02:39,Northern
"dzhebariki-khaya, ru",dzhebariki-khaya,ru,61.764669984008634,136.04355467042893,62.21647300000001,135.8549959,31.216920249741218,-44.18,78,100,1.68,1608760960,2020-12-23 22:02:40,Northern
"rodeo, mx",rodeo,mx,25.45760722314408,-104.88537925201015,25.1809719,-104.5557836,19.11386713942414,80.8,14,44,9.69,1608760961,2020-12-23 22:02:41,Northern
"vyartsilya, ru",vyartsilya,ru,62.51013409498756,30.454839492560268,62.1749829,30.6922503,23.156968314111246,28.71,98,97,8.88,1608760962,2020-12-23 22:02:42,Northern
"siavonga, zm",siavonga,zm,-17.232816211795097,28.826017156712993,-16.5323379,28.7110539,48.39891461990236,80.08,66,50,2.95,1608760965,2020-12-23 22:02:45,Southern
"sciacca, it",sciacca,it,37.55575758323013,13.105065109759494,37.5085148,13.0816305,3.264197325542123,51.01,96,0,2.28,1608760966,2020-12-23 22:02:46,Northern
"szczytno, pl",szczytno,pl,53.58998873689842,21.01923308366426,53.56354,20.99519,1.8274515247594245,32.0,95,90,3.36,1608760748,2020-12-23 21:59:08,Northern
"impfondo, cg",impfondo,cg,1.9603034312005434,17.32725867152277,1.6259451,18.0539382,23.10218610874262,73.85,86,100,3.38,1608760968,2020-12-23 22:02:48,Northern
"booue, ga",booue,ga,-0.28576863794665996,12.176284254664637,-0.09363199999999999,11.9490718,13.275507005355655,74.21,91,97,1.74,1608760969,2020-12-23 22:02:49,Southern
"desur, in",desur,in,12.32614701776906,79.49198318122774,12.4378527,79.4820405,7.718202956203307,66.65,84,1,5.95,1608760970,2020-12-23 22:02:50,Northern
"la joya, mx",la joya,mx,32.459842400385725,-116.54319525049308,32.442766,-117.0140955,1.1798784207407538,88.0,32,5,4.7,1608760971,2020-12-23 22:02:51,Northern
"san juan, ar",san juan,ar,-30.993787260911724,-67.29390465942006,-31.5351074,-68.5385941,37.402024805916916,98.4,14,31,13.27,1608760964,2020-12-23 22:02:44,Southern
"zabol, ir",zabol,ir,30.905457343319,60.936798029117114,31.0323677,61.4902483,8.76875616840217,37.4,64,0,4.7,1608760974,2020-12-23 22:02:54,Northern
"chimoio, mz",chimoio,mz,-18.821920410458304,33.5819098937163,-19.1054879,33.4607744,19.592838899091067,78.8,78,0,5.82,1608760975,2020-12-23 22:02:55,Southern
"innisfail, au",innisfail,au,-18.071972417019552,145.53329924146453,-17.5226261,146.0285223,37.95658630179636,84.69,70,12,4.36,1608760773,2020-12-23 21:59:33,Southern
"kozhevnikovo, ru",kozhevnikovo,ru,56.263621686109616,83.83986079786246,56.2637164,83.9694908,0.006544170485967716,7.0,89,99,7.05,1608760979,2020-12-23 22:02:59,Northern
"zvishavane, zw",zvishavane,zw,-20.74396891532129,30.20737441155569,-20.3163739,30.0551988,29.544290365530646,74.17,77,88,0.98,1608760980,2020-12-23 22:03:00,Southern
"ust-kulom, ru",ust-kulom,ru,62.240414526362486,53.40091584035278,61.68628989999999,53.7160951,38.28673925874382,4.21,93,89,5.73,1608760981,2020-12-23 22:03:01,Northern
"canavieiras, br",canavieiras,br,-15.73389436410595,-38.927797408757755,-15.6773592,-38.94520989999999,3.9062459672363445,76.77,82,7,8.08,1608760767,2020-12-23 21:59:27,Southern
"sobolevo, ru",sobolevo,ru,53.56376345868276,151.93785994668917,54.300693,155.956757,50.91747931452071,28.42,98,99,10.09,1608760983,2020-12-23 22:03:03,Northern
"koygorodok, ru",koygorodok,ru,60.56166038889933,51.23454526588756,60.4563994,50.9907161,7.272912706589504,26.6,98,99,3.96,1608760984,2020-12-23 22:03:04,Northern
"montepuez, mz",montepuez,mz,-12.936294768319044,38.0430210949022,-13.1340453,38.9981052,13.663393909141643,72.81,93,70,3.67,1608760985,2020-12-23 22:03:05,Southern
"steubenville, us",steubenville,us,40.45563789278347,-80.85863083548863,40.3697905,-80.63396379999999,5.931547863374497,51.8,36,90,5.82,1608760986,2020-12-23 22:03:06,Northern
"rancho veloz, cu",rancho veloz,cu,23.594692026503537,-80.10328349674019,22.8795329,-80.3909164,49.41327221764669,77.0,78,75,12.75,1608760987,2020-12-23 22:03:07,Northern
"chopinzinho, br",chopinzinho,br,-26.02434255464008,-52.111142784943965,-25.8564679,-52.5372505,11.599147239761459,73.83,81,7,2.8,1608760988,2020-12-23 22:03:08,Southern
"savelugu, gh",savelugu,gh,9.90899035639977,-0.9439665703391995,9.6164557,-0.8246386,20.212417172734025,82.76,18,19,4.79,1608760989,2020-12-23 22:03:09,Northern
"windhoek, na",windhoek,na,-22.69344273046687,17.26554216054234,-22.5608807,17.0657549,9.159253450639039,75.99,29,72,1.12,1608760991,2020-12-23 22:03:11,Southern
"todos santos, mx",todos santos,mx,23.171115234402123,-110.26628822575293,23.4463619,-110.2265101,19.017919103798665,72.0,67,9,7.0,1608760992,2020-12-23 22:03:12,Northern
"bagli, in",bagli,in,22.407336523906395,76.32416415810667,22.6408248,76.3434679,16.132660996231134,57.2,47,23,4.7,1608760993,2020-12-23 22:03:13,Northern
"mabaruma, gy",mabaruma,gy,7.599619767704354,-59.25352905043583,8.2041293,-59.7775773,41.76803870703218,73.81,98,100,3.15,1608760994,2020-12-23 22:03:14,Northern
